"12:15","Thứ 2","Thứ 3","Thứ 4","Thứ 5","Thứ 6","Thứ 7","Chủ Nhật"
"","28-09","29-09","30-09","01-10","02-10","03-10","04-10"
"ĐỊNH DẠNG","Reels","Bộ ảnh — 7 ảnh","Reels","Reels","Bộ ảnh — 7 ảnh","Reels","post"
"TUYẾN ND","Giáo dục","Sản phẩm","Giáo dục","Trust SP / Review SP","Sản phẩm","Sản phẩm","Tương tác"
"CONTENT","Tối xem danh sách môn học cùng bố mẹ, bạn đang tính mua laptop đã qua sử dụng.
Nếu bố mẹ hỏi “sao không mua mới?”, mình có thể bắt đầu từ việc cần dùng máy.
Video này gợi ý ba điều để cả nhà cùng xem.

Ghi tên phần mềm môn học cần dùng. So đúng cấu hình của từng máy và kiểm tra máy trực tiếp. Sau đó đọc thời hạn, phạm vi bảo hành và điều kiện đổi trả.

Máy mới hay đã qua sử dụng đều cần kiểm tra những điều đó. Chưa có đủ thông tin của hai chiếc thì chưa kết luận chiếc nào hơn.

Ở Laptop Thịnh Vượng: bảo hành máy cũ theo từng mẫu; nhóm máy trong bài này có thời hạn 6 tháng cho bo mạch, màn hình, bàn phím, pin 3 tháng. Trong 15 ngày đầu, máy lỗi do nhà sản xuất được đổi miễn phí theo điều kiện đổi trả. Trả lấy tiền có khấu trừ, khác với đổi máy.

Gửi video này cho bố mẹ xem cùng.
______________________
📍 LAPTOP THỊNH VƯỢNG
☎️ Mua hàng: 0928939666 (8h–20h30)
🔧 Bảo hành – kỹ thuật: 0825998855 (8h–17h30)
🌐 https://laptoptv.vn
🏠 71 Thiên Hiền, Mỹ Đình 1, Nam Từ Liêm, Hà Nội

#laptopcu #laptopsinhvien #kinhnghiemmualaptop #laptopthinhvuong","Bạn vừa gom ảnh và video thuyết trình của nhóm vào một thư mục.
Nếu muốn giữ các file đó trên laptop, hãy tính cả phần mềm cần cài khi chọn ổ.
Bộ ảnh này để bạn xem đúng bản máy và những chỗ cần kiểm tra.

Dell Latitude 5310 2in1: i5-10210U, RAM 16GB, ổ 512GB, màn 13,3 inch FHD cảm ứng, xoay gập. Máy đã qua sử dụng.
Giá: 9.880.000đ.

Ổ SSD là nơi lưu phần mềm và bài học. 512GB là dung lượng ghi theo cấu hình, không phải phần còn trống sau khi cài máy. Mình chưa dùng con số đó để kết luận bạn sẽ lưu đủ bao nhiêu kỳ học.

Khi xem máy, mở thư mục bài của bạn để tính dung lượng cần giữ; thử đọc tài liệu trên màn 13,3 inch và kiểm tra vỏ, bản lề của đúng chiếc sẽ nhận.

Bảo hành 6 tháng bo mạch, màn hình, bàn phím; pin 3 tháng. Trong 15 ngày đầu, máy lỗi do nhà sản xuất được đổi máy miễn phí theo điều kiện đổi trả.

Giá tham khảo đối chiếu ngày 30/09/2026; giá và tình trạng máy cần kiểm tra lại khi mua.

Nhắn “5310 i5 16GB 512GB” để mình kiểm tra giá và tình trạng chiếc máy.
______________________
📍 LAPTOP THỊNH VƯỢNG
☎️ Mua hàng: 0928939666 (8h–20h30)
🔧 Bảo hành – kỹ thuật: 0825998855 (8h–17h30)
🌐 https://laptoptv.vn
🏠 71 Thiên Hiền, Mỹ Đình 1, Nam Từ Liêm, Hà Nội

#laptopcu #laptopsinhvien #kinhnghiemmualaptop #laptopthinhvuong","Sáng xếp balo đi học, laptop vừa ngăn nhưng còn bộ sạc và quyển vở.
Khi xem máy, mình thử cả bộ đồ mang theo thay vì chỉ nhìn số inch.

Trong video có ba cỡ màn 13,3, 14 và 15,6 inch đặt cạnh vở A4. Hình này để so trên cùng một mặt bàn, không khẳng định máy nào cũng vừa balo của bạn.

Bạn có thể thử lần lượt: đặt máy cạnh đồ học, xếp máy và sạc vào balo, rồi đeo thử. Khóa không vừa thì dừng, đừng ép máy vào.

Sau đó mở tài liệu bạn hay dùng để xem chữ có dễ đọc. Máy vừa balo vẫn cần được kiểm tra theo cách bạn học.

Lưu video để hôm xem máy mang theo balo và đồ học.
______________________
📍 LAPTOP THỊNH VƯỢNG
☎️ Mua hàng: 0928939666 (8h–20h30)
🔧 Bảo hành – kỹ thuật: 0825998855 (8h–17h30)
🌐 https://laptoptv.vn
🏠 71 Thiên Hiền, Mỹ Đình 1, Nam Từ Liêm, Hà Nội

#laptopcu #laptopsinhvien #kinhnghiemmualaptop #laptopthinhvuong","Làm slide nhóm xong, bạn muốn xoay màn để người ngồi đối diện cùng xem.
Với máy xoay gập, hãy thử thao tác đó rồi quay lại gõ bài.
Video này quay đúng bản Latitude 7390 có RAM 16GB.

Dell Latitude 7390 2in1: i5-8250U, RAM 16GB, ổ 256GB, màn 13,3 inch cảm ứng. Máy đã qua sử dụng.
Giá: 8.290.000đ.

RAM là bộ nhớ làm việc khi ứng dụng đang chạy. Có 16GB chưa đủ để kết luận máy chạy phần mềm môn học của bạn thế nào; cần đối chiếu cả tên, phiên bản phần mềm và chip i5 đời 8 của máy.

Khi xem, mở slide mẫu, thử chạm chuyển trang và gõ một đoạn. Kiểm tra cả bản lề, màn và chỗ lưu file còn trống. Video thao tác không phải bài đo tốc độ hay thời lượng pin.

Bảo hành 6 tháng bo mạch, màn hình, bàn phím; pin 3 tháng. Trong 15 ngày đầu, máy lỗi do nhà sản xuất được đổi máy miễn phí theo điều kiện đổi trả.

Giá tham khảo đối chiếu ngày 30/09/2026; giá và tình trạng máy cần kiểm tra lại khi mua.

Bình luận tên phần mềm và phiên bản bạn cần dùng để mình đối chiếu cấu hình.
______________________
📍 LAPTOP THỊNH VƯỢNG
☎️ Mua hàng: 0928939666 (8h–20h30)
🔧 Bảo hành – kỹ thuật: 0825998855 (8h–17h30)
🌐 https://laptoptv.vn
🏠 71 Thiên Hiền, Mỹ Đình 1, Nam Từ Liêm, Hà Nội

#laptopcu #laptopsinhvien #kinhnghiemmualaptop #laptopthinhvuong","Bạn đang đọc tài liệu ở một cửa sổ, gõ bài ở cửa sổ bên cạnh.
Khi xem laptop, thử đúng cách sắp xếp đó rồi chỉnh cỡ chữ theo mắt mình.
Đây là bộ ảnh của bản Latitude 7420 vỏ carbon.

Máy dùng i5-1145G7, RAM 16GB, ổ 256GB, màn 14 inch FHD; thuộc nhóm gần như mới.
Giá: 9.380.000đ.

Màn 14 inch chưa tự trả lời việc bạn có đọc thoải mái hai cửa sổ hay không. RAM 16GB cũng chưa thay cho kiểm tra yêu cầu phần mềm. Trong bộ ảnh có cấu hình và hai cạnh máy để bạn đối chiếu đúng phiên bản.

Bản này khác bản có chữ 2in1. Nếu cần cảm ứng hoặc xoay gập, mình cần kiểm tra đúng chiếc trước khi trả lời.

Bảo hành 6 tháng bo mạch, màn hình, bàn phím; pin 3 tháng. Trong 15 ngày đầu, máy lỗi do nhà sản xuất được đổi máy miễn phí theo điều kiện đổi trả.

Giá tham khảo đối chiếu ngày 30/09/2026; giá và tình trạng máy cần kiểm tra lại khi mua.

Nhắn “7420 carbon i5 16GB 256GB” để mình kiểm tra giá và tình trạng máy.
______________________
📍 LAPTOP THỊNH VƯỢNG
☎️ Mua hàng: 0928939666 (8h–20h30)
🔧 Bảo hành – kỹ thuật: 0825998855 (8h–17h30)
🌐 https://laptoptv.vn
🏠 71 Thiên Hiền, Mỹ Đình 1, Nam Từ Liêm, Hà Nội

#laptopcu #laptopsinhvien #kinhnghiemmualaptop #laptopthinhvuong","Buổi làm slide nhóm, bạn có dùng cảm ứng để chuyển trang hay chủ yếu gõ và kéo chuột?
Cùng một bài, thử thao tác trên hai máy sẽ cho bạn thêm thông tin để so.
Hai bản dưới đây chênh 2.300.000đ.

Dell Latitude 7400 2in1 — 10.680.000đ: i7-8665U, RAM 16GB, ổ 512GB, màn 14 inch FHD cảm ứng, xoay gập.

Dell Latitude 7420 vỏ nhôm — 12.980.000đ: i7-1185G7, RAM 16GB, ổ 512GB, màn 14 inch FHD. Cảm ứng và xoay gập cần xác minh trên đúng phiên bản.

Cả hai thuộc nhóm gần như mới. RAM và dung lượng ổ giống nhau theo cấu hình; tên chip khác nhau. Mình chưa có phép đo để nói chiếc nào xử lý bài của bạn nhanh hơn.

Nếu cần cảm ứng, thử trực tiếp trên 7400. Nếu phần mềm môn học là điều bạn quan tâm, đối chiếu yêu cầu của đúng phiên bản phần mềm với cả hai cấu hình. Không dùng mỗi chữ i7 để quyết định.

Bảo hành 6 tháng bo mạch, màn hình, bàn phím; pin 3 tháng. Trong 15 ngày đầu, máy lỗi do nhà sản xuất được đổi máy miễn phí theo điều kiện đổi trả.

Giá tham khảo đối chiếu ngày 30/09/2026; giá và tình trạng máy cần kiểm tra lại khi mua.

Bình luận phần mềm và việc bạn làm trên máy để mình đối chiếu hai bản.
______________________
📍 LAPTOP THỊNH VƯỢNG
☎️ Mua hàng: 0928939666 (8h–20h30)
🔧 Bảo hành – kỹ thuật: 0825998855 (8h–17h30)
🌐 https://laptoptv.vn
🏠 71 Thiên Hiền, Mỹ Đình 1, Nam Từ Liêm, Hà Nội

#laptopcu #laptopsinhvien #kinhnghiemmualaptop #laptopthinhvuong","Chủ nhật, mở lịch học tuần tới: môn nào cần dùng laptop?
Có bài làm slide, có bài phải cài một phần mềm riêng.
Mình muốn biết bạn đang vướng ở việc nào trước khi nói tới cấu hình.

Nếu đã có hướng dẫn môn học, ghi đúng tên phần mềm và phiên bản. Chưa có thì kể việc cần làm, chẳng hạn gõ báo cáo, xử lý bảng số liệu hay dựng video thuyết trình.

Tên ngành giúp bắt đầu câu chuyện, nhưng chưa đủ để mình nói bạn phải mua máy RAM bao nhiêu hay có cần đồ họa riêng.

Bình luận phần mềm hoặc việc học bạn đang cần làm trên laptop.
______________________
📍 LAPTOP THỊNH VƯỢNG
☎️ Mua hàng: 0928939666 (8h–20h30)
🔧 Bảo hành – kỹ thuật: 0825998855 (8h–17h30)
🌐 https://laptoptv.vn
🏠 71 Thiên Hiền, Mỹ Đình 1, Nam Từ Liêm, Hà Nội

#laptopcu #laptopsinhvien #kinhnghiemmualaptop #laptopthinhvuong"
"BRIEF ẢNH","1. Quay theo KB1: 8 cảnh, 38 giây; bảng 5 cột tại `../02-reel/KICH-BAN-VIDEO-2-TUAN-28-09-11-10.md`.
2. Dọc 9:16, 1080×1920; tại quầy 71 Thiên Hiền. Máy: Dell Latitude 7400 2in1 i7-8665U · RAM 16GB · ổ 512GB · màn 14 inch FHD cảm ứng.
3. Chuẩn bị: Sổ ghi môn học và phần mềm mẫu; tờ chính sách A4; hai ghế cạnh quầy. Một nhân viên cầm máy quay, một nhân viên thao tác và đọc voice thu riêng; không quay mặt khách.
4. Phụ đề khớp nguyên văn voice; chữ trong cột TEXT đặt trong vùng an toàn, tối đa 3 dòng; nhạc không lời có quyền sử dụng dưới giọng đọc.
5. Không có giá trên hình hoặc trong lời đọc; che giá trên kệ và nhãn máy ở nền.
6. Ảnh bìa lấy khung đầu của video, chữ: “Sao không mua mới?”. Không thêm lời khen hiệu năng hoặc số pin/cân nặng.","Tỉ lệ 1:1, 1080×1080, 7 ảnh; quay/chụp tại quầy 71 Thiên Hiền. Chỉ dùng máy thật trong danh sách được phép, dữ liệu học mẫu tự tạo.

1. Toàn · góc 45° · đúng máy mở tài liệu mẫu, sổ bài học cạnh bên. Chữ trên ảnh: “Latitude 5310: kiểm tra chỗ lưu bài nhóm”.
2. Cận · chính diện · tài liệu mẫu trên màn, giữ cỡ chữ thực tế. Chữ trên ảnh: “Mở tài liệu của bạn để thử”.
3. Cận · từ trên xuống · tay gõ trên bàn phím, không che phím. Chữ trên ảnh: “Thử gõ một đoạn bài”.
4. Cận · ngang cạnh trái · xoay thân máy để thấy cổng, không cắm nhầm loại. Chữ trên ảnh: “Kiểm tra cổng bạn cần dùng”.
5. Cận · ngang cạnh phải · tay giữ máy trên mặt bàn. Chữ trên ảnh: “Đối chiếu thiết bị cần nối”.
6. Cận · chính diện · cấu hình đúng chiếc, che tên tài khoản và mã định danh. Chữ trên ảnh: “Dell Latitude 5310 2in1 i5-10210U · 9.880.000đ”.
7. Cận · góc xiên · chụp vỏ, mép máy và bản lề của đúng chiếc; giữ nguyên vết dùng nếu có. Chữ trên ảnh: “Xem tình trạng đúng chiếc máy”.

Không ghép lỗi giả, không xóa vết dùng, không quay mặt khách. Ảnh có giá ghi nhỏ “Đối chiếu 30/09/2026”; kiểm tra lại giá trước khi đăng.","1. Quay theo KB2: 8 cảnh, 31 giây; bảng 5 cột tại `../02-reel/KICH-BAN-VIDEO-2-TUAN-28-09-11-10.md`.
2. Dọc 9:16, 1080×1920; tại quầy 71 Thiên Hiền. Máy: Dell Latitude 5310 2in1 i5-10210U · RAM 16GB · ổ 512GB · màn 13,3 inch FHD cảm ứng; Dell Latitude 7400 2in1 i7-8665U · RAM 16GB · ổ 512GB · màn 14 inch FHD cảm ứng; Dell Latitude 9520 2in1 i5-1145G7 · RAM 16GB · ổ 256GB · màn 15,6 inch FHD cảm ứng.
3. Chuẩn bị: Balo; sạc đúng từng máy; vở A4; bàn quay. Một nhân viên cầm máy quay, một nhân viên thao tác và đọc voice thu riêng; không quay mặt khách.
4. Phụ đề khớp nguyên văn voice; chữ trong cột TEXT đặt trong vùng an toàn, tối đa 3 dòng; nhạc không lời có quyền sử dụng dưới giọng đọc.
5. Không có giá trên hình hoặc trong lời đọc; che giá trên kệ và nhãn máy ở nền.
6. Ảnh bìa lấy khung đầu của video, chữ: “Còn chỗ cho sạc không?”. Không thêm lời khen hiệu năng hoặc số pin/cân nặng.","1. Quay theo KB4: 8 cảnh, 38 giây; bảng 5 cột tại `../02-reel/KICH-BAN-VIDEO-2-TUAN-28-09-11-10.md`.
2. Dọc 9:16, 1080×1920; tại quầy 71 Thiên Hiền. Máy: Dell Latitude 7390 2in1 i5-8250U · RAM 16GB · ổ 256GB · màn 13,3 inch cảm ứng.
3. Chuẩn bị: File slide mẫu tự tạo; sổ phần mềm; nền trắng/đen. Một nhân viên cầm máy quay, một nhân viên thao tác và đọc voice thu riêng; không quay mặt khách.
4. Phụ đề khớp nguyên văn voice; chữ trong cột TEXT đặt trong vùng an toàn, tối đa 3 dòng; nhạc không lời có quyền sử dụng dưới giọng đọc.
5. Không có giá trên hình hoặc trong lời đọc; che giá trên kệ và nhãn máy ở nền.
6. Ảnh bìa lấy khung đầu của video, chữ: “Cần xoay màn xem slide?”. Không thêm lời khen hiệu năng hoặc số pin/cân nặng.","Tỉ lệ 1:1, 1080×1080, 7 ảnh; quay/chụp tại quầy 71 Thiên Hiền. Chỉ dùng máy thật trong danh sách được phép, dữ liệu học mẫu tự tạo.

1. Toàn · góc 45° · đúng máy mở tài liệu mẫu, sổ bài học cạnh bên. Chữ trên ảnh: “Latitude 7420 carbon: mở tài liệu cạnh bài đang gõ”.
2. Cận · chính diện · tài liệu mẫu trên màn, giữ cỡ chữ thực tế. Chữ trên ảnh: “Mở tài liệu của bạn để thử”.
3. Cận · từ trên xuống · tay gõ trên bàn phím, không che phím. Chữ trên ảnh: “Thử gõ một đoạn bài”.
4. Cận · ngang cạnh trái · xoay thân máy để thấy cổng, không cắm nhầm loại. Chữ trên ảnh: “Kiểm tra cổng bạn cần dùng”.
5. Cận · ngang cạnh phải · tay giữ máy trên mặt bàn. Chữ trên ảnh: “Đối chiếu thiết bị cần nối”.
6. Cận · chính diện · cấu hình đúng chiếc, che tên tài khoản và mã định danh. Chữ trên ảnh: “Dell Latitude 7420 vỏ carbon i5-1145G7 · 9.380.000đ”.
7. Cận · góc xiên · chụp vỏ, mép máy và bản lề của đúng chiếc; giữ nguyên vết dùng nếu có. Chữ trên ảnh: “Xem tình trạng đúng chiếc máy”.

Không ghép lỗi giả, không xóa vết dùng, không quay mặt khách. Ảnh có giá ghi nhỏ “Đối chiếu 30/09/2026”; kiểm tra lại giá trước khi đăng.","1. Quay theo KB11: 8 cảnh, 38 giây; bảng 5 cột tại `../02-reel/KICH-BAN-VIDEO-2-TUAN-28-09-11-10.md`.
2. Dọc 9:16, 1080×1920; tại quầy 71 Thiên Hiền. Máy: Dell Latitude 7400 2in1 i7-8665U · RAM 16GB · ổ 512GB · màn 14 inch FHD cảm ứng; Dell Latitude 7420 vỏ nhôm i7-1185G7 · RAM 16GB · ổ 512GB · màn 14 inch FHD.
3. Chuẩn bị: Cùng file slide mẫu; nhãn giá và cấu hình; sổ phần mềm. Một nhân viên cầm máy quay, một nhân viên thao tác và đọc voice thu riêng; không quay mặt khách.
4. Phụ đề khớp nguyên văn voice; chữ trong cột TEXT đặt trong vùng an toàn, tối đa 3 dòng; nhạc không lời có quyền sử dụng dưới giọng đọc.
5. Giá trên hình chỉ theo KB; phải xác minh sáng ngày quay. Hạn dùng dữ liệu 06/10/2026; video dự kiến sau hạn phải cập nhật trước khi sản xuất/đăng.
6. Ảnh bìa lấy khung đầu của video, chữ: “So máy cho buổi làm slide”. Không thêm lời khen hiệu năng hoặc số pin/cân nặng.","Tỉ lệ 1:1, 1080×1080, 1 ảnh; quay/chụp tại quầy 71 Thiên Hiền. Chỉ dùng máy thật trong danh sách được phép, dữ liệu học mẫu tự tạo.

1. Trung từ trên xuống: lịch học mẫu, sổ và bút cạnh laptop đóng nắp; không dùng tên trường. Chữ trên ảnh: “Tuần này bạn mở phần mềm nào?”.

Đạo cụ máy: Dell Latitude 7420 vỏ carbon i5-1145G7 · RAM 16GB · ổ 256GB · màn 14 inch FHD; không lên tên/giá và không chạm màn, không xoay gập.

Không ghép lỗi giả, không xóa vết dùng, không quay mặt khách. Ảnh có giá ghi nhỏ “Đối chiếu 30/09/2026”; kiểm tra lại giá trước khi đăng."
"LINK ẢNH/ KB","","","","","","",""
"FORMAT","Post caption","Post caption","Post caption","Post caption","Post caption","Post caption","Post caption"
"STATUS","CHỜ FEEDBACK","CHỜ FEEDBACK","CHỜ FEEDBACK","CHỜ FEEDBACK","CHỜ FEEDBACK","CHỜ FEEDBACK","CHỜ FEEDBACK"
