id,name,vendor,type,segment,condition,warranty_tag,cpu,ram,ssd,gpu,screen,price,compare_at,stock_tracked,qty,url,collections,price_band
44712721,Laptop cũ Gaming Dell Inspiron 7566 Core i5-6300HQ | 8GB | 128GB + HDD500GB | NVIDIA 960M | 15.6 inch FHD,Dell,Laptop,Gaming,Cũ,6 Tháng,Intel Core i5-6300HQ,8GB DDR4,128GB + HDD 500GB,Intel Graphics,15 inch FHD,7590000,10280000,no,0,https://laptoptv.vn/dell-inspiron-7566-core-i5-6300hq-8gb-128gb-500gb-960m,laptop-gaming,5–10tr
44712720,Laptop Gaming cũ Dell Inspiron 7559 Core i5-6300HQ | 8GB | 128GB + HDD500GB | NVIDIA 960M | 15.6 inch FHD,Dell,Laptop,Gaming,Cũ,6 Tháng,Inel Core i5-6300HQ,8GB DDR4,128GB + HDD 500GB,Intel Graphics,15 inch FHD,7590000,11980000,no,0,https://laptoptv.vn/dell-inspiron-7559-core-i5-6300hq-8gb-128gb-500gb-960m,laptop-gaming,5–10tr
44712872,Laptop cũ Dell Latitude 7390 2in1 Core i5-8250U | 8GB | 256GB | 13.3 inch FHD,Dell,Laptop,Xoay gập,Cũ,6 Tháng,intel Core i5-8350U,8GB DDR4,256GB NVMe,Intel Graphics,13 inch FHD Cảm ứng,7690000,9990000,yes,4,https://laptoptv.vn/laptop-cu-dell-latitude-7390-2in1-ca-m-u-ng-core-i5-8250u-man-hinh-13-3-inch-xoay-ga-p-360,laptop-2in1,5–10tr
44712831,Laptop cũ Dell Latitude 5300 2in1 Core i5-8365U | 8GB | 256GB | 13.3 inch  FHD Cảm ứng,Dell,Laptop,Xoay gập,Cũ,6 Tháng,intel Core I5-8365U,8GB DDR3,256GB Nvme,Intel Graphics,13.3 inch FHD Cảm ứng,7690000,9000000,no,0,https://laptoptv.vn/laptop-cu-dell-latitude-5300-2in1-ca-m-u-ng-core-i5-8365u-8gb-256gb-xoay-ga-p-360,laptop-2in1,5–10tr
59276757,[Like New] Dell latitude 5320 Core i5-1145G7 | 8GB | 256GB | 13.3 inch FHD,Dell,Laptop,Xoay gập,Likenew,6 Tháng,intel Core i5-1135G7,8GB DDR4,256GB NVMe PCIe,Intel Graphics,13.3 inch FHD,7980000,9860000,no,0,https://laptoptv.vn/like-new-dell-latitude-5320-core-i5-1145g7-8gb-256gb-13-3-inch-fhd-cam-ung,laptop-2in1,5–10tr
44712862,Laptop cũ Dell Latitude 7390 2in1 Core i5-8250U | 16GB | 256GB | 13.3 inch Cảm ứng,Dell,Laptop,Xoay gập,Cũ,6 Tháng,intel Core i5-8350U,16GB DDR4,M.2 NMVe 256,Intel Graphics,13 inch FHD Cảm ứng,8290000,9980000,yes,5,https://laptoptv.vn/laptop-cu-dell-latitude-7390-2in1-ca-m-u-ng-core-i5-8250u-16gb-256gb-man-hinh-13-3-inch-xoay-ga-p-360,laptop-2in1,5–10tr
90170672,Laptop cũ Dell Latitude 5300 2in1 Core i7-8665U | 8GB | 256GB | 13.3 inch FHD Cảm ứng,,,Xoay gập,Cũ,6 Tháng,Intel Core i7,8GB,,Intel Graphics,13 inch,8480000,10680000,no,0,https://laptoptv.vn/laptop-cu-dell-latitude-5300-2in1-core-i7-8665u-8gb-256gb-13-3-inch-fhd-cam-ung,laptop-2in1,5–10tr
45538793,Laptop cũ Dell Latitude 7390 2in1 Core i7-8650U | 16GB | 256GB | 13.3 inch Cảm ứng,Dell,Laptop,Xoay gập,Cũ,6 Tháng,intel Core i7-8650U,16GB DDR4,M.2 NMVe 256GB,Intel Graphics,13 inch FHD Cảm ứng,8780000,11980000,no,0,https://laptoptv.vn/laptop-cu-dell-latitude-7390-2in1-ca-m-u-ng-core-i7-8650u-16gb-256gb-man-hinh-13-3-inch-xoay-ga-p-360-1,laptop-2in1,5–10tr
44712845,Laptop cũ Dell Latitude 5310 2in1 Core i5-10310U | 8GB | 256GB | 13.3 inch FHD Cảm ứng,Dell,Laptop,Xoay gập,Cũ,6 Tháng,intel Core i5 10310U,8GB DDR4,M.2 NMVe 256,Intel Graphics,"13.3"" FHD Cảm ứng",8880000,14800000,no,0,https://laptoptv.vn/laptop-cu-dell-latitude-5310-2in1-cam-ung-core-i5-10310u-8gb-256gb-man-hinh-13-3-inch-fhd-cam-ung,laptop-2in1,5–10tr
46452534,[Like New] Dell Latitude 7400 2in1 Core i5-8365U | 8GB | 256GB | Intel UHD Graphic | 14 inch FHD Cảm ứng,Dell,Laptop,Xoay gập,Likenew,6 Tháng,Intel Core i5-8365U,8GB DDR4,256GB Nvme,Intel Graphics,14 inch FHD Cảm ứng,8970000,11780000,yes,2,https://laptoptv.vn/laptop-cu-dell-latitude-7400-2in1-core-i5-8365u-8gb-256gb-intel-uhd-graphic-14-inch-fhd-cam-ung,laptop-2in1,5–10tr
58753475,Laptop cũ Dell Latitude 5300 2in1 Core i7-8665U | 16GB | 256GB | 13.3 inch FHD Cảm ứng,Dell,Laptop,Xoay gập,Cũ,6 Tháng,Intel Core i7-8665U,16GB DDR4,,Intel Graphics,13.3 inch FHD Cảm ứng,8980000,13890000,yes,2,https://laptoptv.vn/laptop-cu-dell-latitude-5300-2in1-core-i7-8665u-16gb-256gb-13-3-inch-fhd-cam-ung,laptop-2in1,5–10tr
44712989,[Like New] Dell Latitude 7400 2in1 Core i5-8365U | 16GB | 256GB | Intel UHD Graphic | 14 inch FHD Cảm ứng,Dell,Laptop,Xoay gập,Likenew,6 Tháng,Intel Core i5-8365U,16GB DDR4,512GB NVMe,Intel Graphics,14 inch FHD Cảm ứng,9280000,12480000,yes,8,https://laptoptv.vn/laptop-cu-dell-latitude-7400-2in1-cam-ung-core-i5-8365u-ram-16gb-ssd-256gb-intel-uhd-graphic-14inch-cam-ung,laptop-2in1,5–10tr
50452813,[Like New] Dell Latitude 7420 [Vỏ Carbon] Core i5-1145G7 | 16GB | 256GB | 14.0 inch FHD,Dell,Laptop,Xoay gập,Likenew,6 Tháng,Intel Core i5-1145G7,16GB DDR4,256GB NVMe PCIe,Iris Xe Graphics,14 inch FHD,9380000,10980000,yes,5,https://laptoptv.vn/laptop-cu-dell-latitude-7420-core-i5-1145g7-16gb-256gb-14-0-inch-fhd,laptop-2in1,5–10tr
61095768,[Like New] Dell latitude 5320 2in1 Core i5-1135G7 | 16GB | 256GB | 13.3 inch FHD cảm ứng,Dell,Laptop,Xoay gập,Likenew,6 Tháng,intel Core i5-1135G7,16GB DDR4,256GB Nvme,Intel Graphics,13.3 inch FHD,9680000,17420000,no,0,https://laptoptv.vn/laptop-cu-dell-latitude-5320-2in1-core-i5-1135g7-16gb-256gb-13-3-inch-fhd-cam-ung,laptop-2in1,5–10tr
45529137,Laptop cũ Dell Latitude 7390 2in1 Core i7-8650U | 16GB | 512GB | 13.3 inch Cảm ứng,Dell,Laptop,Xoay gập,Cũ,6 Tháng,intel Core i7-8650U,16GB DDR4,512GB SSD NVMe PCIe,Intel Graphics,13 inch FHD Cảm ứng,9680000,14980000,no,0,https://laptoptv.vn/laptop-cu-dell-latitude-7390-2in1-ca-m-u-ng-core-i7-8650u-16gb-512gb-man-hinh-13-3-inch-xoay-ga-p-360-1,laptop-2in1,5–10tr
44712828,Laptop cũ Dell Latitude 5300 2in1 Core i7-8665U | 16GB | 512GB | 13.3 inch FHD Cảm ứng,Dell,Laptop,Xoay gập,Cũ,6 Tháng,Intel Core i7-8665U,16GB DDR4,512GB,Intel Graphics,13.3 inch FHD Cảm ứng,9690000,13890000,yes,3,https://laptoptv.vn/laptop-cu-dell-latitude-5300-2in1-core-i7-8665u-16gb-512gb-13-3-inch-fhd-cam-ung,laptop-2in1,5–10tr
47761519,Laptop cũ Dell Inspiron 7567 | Core i7-7700HQ | 8GB | 256GB | GTX 1050Ti,Dell,Laptop,Gaming,Cũ,,Core i7-7700HQ,,256 GB SSD NVMe PCIe,NVIDIA GTX 1050Ti,15.6 inch FHD,9880000,15680000,no,0,https://laptoptv.vn/laptop-cu-dell-inspiron-7567-core-i7-7700hq-8gb-256gb-gtx-1050ti,laptop-gaming,5–10tr
44712849,Laptop cũ Dell Latitude 5310 2in1 Core i7-10610U | 8GB | 256GB | 13.3 inch FHD Cảm ứng,Dell,Laptop,Xoay gập,Cũ,6 Tháng,,8GB DDR4,M.2 NMVe 256GB,Intel Graphics,"13.3"" FHD Cảm ứng",9880000,14580000,no,0,https://laptoptv.vn/laptop-cu-dell-latitude-5310-2in1-cam-ung-core-i7-10610u-8gb-256gb-man-hinh-13-3-inch-fhd-cam-ung,laptop-2in1,5–10tr
44712848,Laptop cũ Dell Latitude 5310 2in1 Core i5-10210U | 16GB | 512GB | 13.3 inch FHD Cảm ứng,Dell,Laptop,Xoay gập,Cũ,6 Tháng,Intel Core i5-10210U,16GB DDR4,SSD M.2 NMVe 512GB,Intel Graphics,"13.3"" FHD Cảm ứng",9880000,14980000,yes,4,https://laptoptv.vn/laptop-cu-dell-latitude-5310-2in1-cam-ung-core-i5-10210u-16gb-512gb-man-hinh-13-3-inch-fhd-cam-ung,laptop-2in1,5–10tr
44712630,Laptop cũ HP Elitebook 1030  X360 Core i5-7200U | 16GB 256GB | 13 icnh FHD Cảm ứng,HP,Laptop,Xoay gập,Cũ,6 Tháng,Intel Core i5-7200U,8GB DDR4,SSD M.2 NMVe 256GB,Intel Graphics,"13"" FHD Cảm ứng",9880000,12480000,no,0,https://laptoptv.vn/hp-elitebook-x360-cam-ung-1030-core-i5-7200u-16gb-256gb,laptop-2in1,5–10tr
44712975,[Like New] Dell Latitude 7410 2in1 Core i5-10310U | 16GB | 256GB | 14 inch FHD Cảm ứng,Dell,Laptop,Xoay gập,Likenew,6 Tháng,Intel Core i5-10310U,16GB DDR4,SSD 256GB NVMe,Intel Graphics,14 inch FHD Cảm ứng,9980000,16960000,no,0,https://laptoptv.vn/laptop-cu-dell-latitude-7410-2in1-ca-m-u-ng-core-i5-10310u-16gb-256gb-man-hinh-14-inch-fhd-cam-ung-xoay-ga-p-360,laptop-2in1,5–10tr
44712825,[Like New] Dell latitude 5320 2in1 Core i5-1135G7 | 16GB | 512GB | 13.3 inch FHD cảm ứng,Dell,Laptop,Xoay gập,Likenew,6 Tháng,intel Core i5-1135G7,16GB 3200MHz DDR4,512GB SSD NVMe PCIe,Intel Graphics,13.3 inch FHD,10280000,17980000,no,0,https://laptoptv.vn/laptop-cu-dell-latitude-5320-2in1-core-i5-1135g7-16gb-512gb-13-3-inch-fhd-cam-ung,laptop-2in1,10–15tr
76686034,[Like New] Dell Latitude 7420 [Vỏ nhôm] Core i5-1145G7 | 16GB | 256GB | 14.0 inch FHD,Dell,Laptop,Xoay gập,Likenew,6 Tháng,Intel Core i5-1145G7,16GB DDR4,256GB NVMe PCIe,Iris Xe Graphics,14 inch FHD,10390000,12980000,no,0,https://laptoptv.vn/like-new-dell-latitude-7420-vo-nhom-core-i5-1145g7-16gb-256gb-14-0-inch-fhd,laptop-2in1,10–15tr
44712980,[Like New] Dell Latitude 7400 2in1 Core i7-8665U | 16GB | 512GB | Intel UHD Graphics | 14inch FHD Cảm ứng,Dell,Laptop,Xoay gập,Likenew,6 Tháng,Intel Core i7-8665U,16GB DDR4,512GB NVMe,Intel Graphics,14 inch FHD Cảm ứng,10680000,13480000,yes,44,https://laptoptv.vn/laptop-cu-dell-latitude-7400-2in1-cam-ung-core-i7-8665u-ram-16gb-ssd-512gb-intel-uhd-graphic-14inch-cam-ung,deal-shock|laptop-2in1,10–15tr
61095842,[Like New] Dell latitude 5320 2in1 Core i7-1185G7 | 16GB | 256GB | 13.3 inch FHD Cảm ứng,Dell,Laptop,Xoay gập,Likenew,6 Tháng,intel Core i7-1185G7,16GB DDR4,256GB SSD NVMe PCIe,Intel Graphics,13.3 inch FHD,10680000,21230000,no,0,https://laptoptv.vn/laptop-cu-dell-latitude-5320-2in1-core-i7-1185g7-16gb-256gb-13-3-inch-fhd-cam-ung,laptop-2in1,10–15tr
44712716,Laptop cũ Dell Inspiron 7415 2in1  Ryzen 5- 5625U | 8GB | 512GB | 14 inch FHD+ Cảm ứng,Dell,Laptop,Xoay gập,Cũ,6 Tháng,Ryzen 5-5500U,8GB DDR4,256GB NVMe PCIe,onboard,14 inch FHD Cảm ứng,10680000,18990000,no,0,https://laptoptv.vn/dell-inspiron-7415-2in1-cam-ung-ryzen-5-5500u-8gb-256gb-xoay-ga-p-360,laptop-2in1,10–15tr
44712913,Laptop cũ HP Elitebook X360 1030 Core i7-7600U | 16GB | 256GB | 13 inch FHD Cảm ứng,HP,Laptop,Xoay gập,Cũ,6 Tháng,Intel Core i7-7600U,16GB DDR4,512GB NVMe,Intel Graphics,13.3 inch Cảm ứng,10880000,13980000,no,0,https://laptoptv.vn/laptop-cu-hp-elitebook-x360-cam-ung-1030-core-i7-7600u-16gb-256gb,laptop-2in1,10–15tr
44712812,Laptop cũ  Dell XPS 9365 2in1 Core i5-8200Y | 8GB | 256GB | 13.3 inch  FHD Cảm ứng,Dell,Laptop,Xoay gập,Cũ,6 Tháng,Intel Core i5,8GB DDR4,256GB SSD NVMe PCIe,Intel Graphics,13.3 inch FHD,10880000,14980000,no,0,https://laptoptv.vn/laptop-cu-dell-xps-9365-2in1-core-i5-8200y-8gb-256gb-13-3-inch-fhd-cam-ung,laptop-2in1,10–15tr
76686395,[Like New] Dell Latitude 7420 [Vỏ nhôm] Core i5-1145G7 | 16GB | 256GB | 14.0 inch 3K,Dell,Laptop,Xoay gập,Likenew,6 Tháng,Intel Core i5-1145G7,16GB DDR4,256GB NVMe PCIe,Iris Xe Graphics,14 inch 3K,10890000,13980000,no,0,https://laptoptv.vn/like-new-dell-latitude-7420-vo-nhom-core-i5-1145g7-16gb-256gb-14-0-inch-3k,laptop-2in1,10–15tr
44712966,[Like New] Dell Latitude 7410 2in1 Core i7-10610U | 16GB | 256GB | 14 inch FHD Cảm ứng,Dell,Laptop,Xoay gập,Likenew,6 Tháng,Intel Core i7,16GB DDR4,512GB NVMe,Intel Graphics,14 inch FHD Cảm ứng,10980000,16480000,no,0,https://laptoptv.vn/laptop-cu-dell-latitude-7410-2in1-cam-ung-core-i5-core-i7-man-hinh-14-inch-fhd-xoay-ga-p-360,laptop-2in1,10–15tr
44712961,[Like New] Dell Latitude 7420 2in1 [vỏ carbon] Core i5-1145G7 | 16GB | 256GB | 14.0 inch FHD,Dell,Laptop,Xoay gập,Likenew,6 Tháng,Intel Core i5-1145G7,16GB DDR4,SSD 256GB NVMe,Iris Xe Graphics,14 inch FHD Cảm ứng,10980000,12980000,yes,5,https://laptoptv.vn/dell-latitude-7420-2in1-core-i5-1145g7-16gb-256gb-14-0-inch-fhd,laptop-2in1,10–15tr
44712629,Laptop cũ HP Elitebook 1040 G6 X360 Core i5-8250U | 16GB | 256GB | 14 inch FHD Cảm ứng,HP,Laptop,Xoay gập,Cũ,6 Tháng,Intel Core i5-8250U,16GB DDR4 3200Mhz,SSD M.2 NMVe 256GB,Intel Graphics,14 inch,10980000,13888000,no,0,https://laptoptv.vn/hp-elitebook-x360-cam-ung-1040-core-i5-8250u-16gb-256gb,laptop-2in1,10–15tr
54982391,[LikeNew] Dell Inspiron 7415 2in1  Ryzen 7- 5700U | 16GB | 512GB | 14 inch FHD Cảm ứng,Dell,Laptop,Xoay gập,Likenew,6 Tháng,AMD Ryzen 7-5700U,16GB DDR4,512GB NVMe PCIe,onboard,14 inch FHD Cảm ứng,11280000,17960000,yes,3,https://laptoptv.vn/likenew-dell-inspiron-7415-2in1-ryzen-7-5700u-16gb-512gb-14-inch-fhd-cam-ung,deal-shock|laptop-2in1,10–15tr
44712772,Laptop cũ HP Elitebook X360 1040 G6 Core i7-8650U | 16GB | 512GB | 14 inch FHD Cảm ứng,HP,Laptop,Xoay gập,Cũ,6 Tháng,Intel Core i7,16GB,512GB,Intel Graphics,14 inch,11480000,14790000,no,0,https://laptoptv.vn/laptop-cu-hp-elitebook-x360-1040-g6-core-i7-8650u-16gb-512gb-14-inch-fhd,laptop-2in1,10–15tr
44712899,Laptop cũ HP Pavilion x360 Core i3-1115G4 | 8GB | 128GB | 14 inch FHD,HP,Laptop,Xoay gập,Cũ,6 Tháng,Intel Core i3-1135G4,8GB DDR4,128GB NVMe,Intel Graphics,14 inch Cảm ứng,11650000,13980000,no,0,https://laptoptv.vn/laptop-cu-2in1-hp-pavilion-x360-cam-ung-core-i3-1115g4-8gb-128gb,laptop-2in1,10–15tr
44712822,[Like New] Dell latitude 5320 2in1 Core i7-1185G7 | 16GB | 512GB | 13.3 inch FHD Cảm ứng,Dell,Laptop,Xoay gập,Likenew,6 Tháng,intel Core i7-1185G7,16GB DDR4,512GB SSD NVMe PCIe,Intel Graphics,13.3 inch FHD,11680000,21930000,no,0,https://laptoptv.vn/laptop-cu-dell-latitude-5320-2in1-core-i7-1185g7-16gb-512gb-fhd-cam-ung,laptop-2in1,10–15tr
69475166,[Like New] Dell Latitude 7410 2in1 [Vỏ nhôm] Core i5-10310U | 16GB | 512GB | 14 inch FHD Cảm ứng,Dell,Laptop,Xoay gập,Likenew,6 Tháng,Intel Core i5-10310U,16GB DDR4,512GB NVMe,Intel Graphics,14 inch FHD Cảm ứng,11780000,17860000,no,0,https://laptoptv.vn/like-new-dell-latitude-7410-2in1-vo-nhom-core-i5-10310u-16gb-512gb-14-inch-fhd-cam-ung,laptop-2in1,10–15tr
44712896,Laptop cũ HP Pavilion x360 Core I3-1215U | 8GB | 256GB | 14 inch FHD Cảm ứng,HP,Laptop,Xoay gập,Cũ,6 Tháng,Intel Core i3-1215U,8GB DDR4,256GB NVMe,Intel Graphics,14 inch Cảm ứng,11790000,14880000,no,0,https://laptoptv.vn/laptop-cu-2in1-hp-pavilion-x360-cam-ung-core-i3-1215u-ssd256,laptop-2in1,10–15tr
75521373,[Like New] Dell Latitude 7410 2in1 [Vỏ nhôm] Core i7-10610U | 16GB | 256GB | 14 inch FHD Cảm ứng,Dell,Laptop,Xoay gập,Likenew,6 Tháng,Intel Core i7-10610U,16GB DDR4,256GB Nvme,Intel Graphics,14 inch FHD Cảm ứng,11890000,19380000,no,0,https://laptoptv.vn/like-new-dell-latitude-7410-2in1-vo-nhom-core-i7-10610u-16gb-256gb-14-inch-fhd-cam-ung,laptop-2in1,10–15tr
44713053,[Like New] Dell Latitude 9410 2in1 Core i5-10210U | 16GB | 256GB | 14 inch FHD,Dell,Laptop,Xoay gập,Likenew,6 Tháng,Core i5- 10210U,,256GB NVMe,onboard,14inch,11980000,15980000,yes,4,https://laptoptv.vn/dell-latitude-9410-2in1-core-i5-10210u-16g-256gb-man-hinh-14-inch-fhd,laptop-2in1,10–15tr
44712703,Laptop cũ Dell Inspiron 5406 2in1 Core i3-1115G4 | 8GB | 256GB | 14 inch FHD  Cảm ứng,Dell,Laptop,Xoay gập,Cũ,6 Tháng,Intel Core i3-1115G4,8GB DDR4,256GB NVMe PCIe,Intel Graphics,14 inch FHD+ Cảm ứng,12540000,14680000,no,0,https://laptoptv.vn/dell-inspiron-5406-2in1-ca-m-u-ng-core-i3-1115g4-8gb-256gb-xoay-ga-p-360,laptop-2in1,10–15tr
74183005,Laptop cũ Dell Inspiron 5410 Core i7-11370H | 16GB | 512GB | 14 inch FHD,Dell,Laptop,Xoay gập,Cũ,6 Tháng,Intel Core i7-1195G7,16GB DDR4,512GB NVMe,Intel Graphics,14 inch FHD Cảm ứng,12590000,18680000,no,0,https://laptoptv.vn/laptop-cu-dell-inspiron-5410-core-i7-11370h-16gb-512gb-14-inch-fhd,laptop-2in1,10–15tr
44712818,Laptop cũ Dell XPS 9365 2in1 Core i7-7Y75 | 16GB | 256GB | 13.3 inch Cảm ứng,Dell,Laptop,Xoay gập,Cũ,6 Tháng,Intel Core i7,16GB DDR4,256GB SSD NVMe PCIe,Intel Graphics,13.3 inch FHD,12880000,16980000,no,0,https://laptoptv.vn/laptop-cu-cao-cap-dell-xps-9365-2in1-cam-ung-core-i7-7y75-16gb-256gb-man-hinh-13-3-inch-xoay-ga-p-360,laptop-2in1,10–15tr
44713056,[Like New] Dell Latitude 9410 2in1 Core i7-10610U |  16GB | 256GB | 14 inch FHD,Dell,Laptop,Xoay gập,Likenew,6 Tháng,intel Core i7- 10610U,16GB DDR4,256GB NVMe,onboard,14inch,12980000,18980000,yes,5,https://laptoptv.vn/dell-latitude-9410-2in1-core-i7-10610u-16gb-256gb-man-hinh-14-inch-fhd,deal-shock|laptop-2in1,10–15tr
53868016,[Like New] Dell Latitude 7420 [Vỏ nhôm] Core i7-1185G7 | 16GB | 512GB | 14.0 inch FHD,Dell,Laptop,Xoay gập,Likenew,6 Tháng,Intel Core i7-1185G7,16GB DDR4,512GB NVMe,Iris Xe Graphics,14inch FHD,12980000,16990000,yes,3,https://laptoptv.vn/laptop-cu-dell-latitude-7420-vo-nhom-core-i7-1185g7-16gb-512gb-14-0-inch-fhd,laptop-2in1,10–15tr
44712960,[Like New] Dell Latitude 7420 2in1 [Vỏ carbon] Core i7-1185G7 | 16GB | 512GB| 14 inch FHD,Dell,Laptop,Xoay gập,Likenew,6 Tháng,Intel Core i7-1145G7,16GB DDR4,512GB Nvme,Iris Xe Graphics,14 inch FHD Cảm ứng,12980000,14980000,no,0,https://laptoptv.vn/laptop-cu-dell-latitude-7420-2in1-core-i7-1185g7-ram-16gb-ssd-512gb-man-14-0-inch-fhd,laptop-2in1,10–15tr
44712906,[Like New] Dell Latitude 7410 2in1 [Vỏ nhôm] Core i7-10610U | 16GB | 512GB | 14 inch FHD Cảm ứng,Dell,Laptop,Xoay gập,Likenew,6 Tháng,Intel Core i7-10610U,16GB DDR4,512GB NVMe,Intel Graphics,14 inch FHD Cảm ứng,12980000,19860000,no,0,https://laptoptv.vn/dell-latitude-7410-2in1-ca-m-u-ng-core-i7-10610u-16gb-512gb-xoay-ga-p-360-vo-nhom,laptop-2in1,10–15tr
44713034,[Like New] Dell Latitude 9510 2in1 Core i5-10310U | 16GB | 256GB | 15.6 FHD Cảm ứng,Dell,Laptop,Xoay gập,Likenew,6 Tháng,Intel Core i5-10310U,16GB DDR4,256GB NVMe,Intel Graphics,15.6 inch FHD Cảm ứng,13280000,16860000,no,0,https://laptoptv.vn/dell-latitude-9510-2in1-core-i5-10310u-16gb-256gb-man-hinh-15-6-fhd-cam-ung,laptop-2in1,10–15tr
55055557,[LikeNew] Lenovo Thinkpad X1 Yoga Gen 6 2in1  Core i5-1135G7 | 16GB | 256GB | 14 inch FHD+ ( Kèm bút ),Lenovo,Laptop,Xoay gập,Likenew,6 Tháng,intel Core i5-1135G7,16GB LPDDR4,M.2 NMVe 256GB,Intel Graphics,14 inch FHD+ Cảm ứng,13480000,22680000,yes,2,https://laptoptv.vn/likenew-lenovo-thinkpad-x1-yoga-gen-6-2in1-core-i5-1135g7-16gb-256gb-14-inch-fhd,deal-shock|laptop-2in1,10–15tr
44712956,[Like New] Dell Latitude 7420 2in1 [Vỏ nhôm] Core i7-1165G7 | 16GB | 256GB | 14 inch FHD Cảm ứng,Dell,Laptop,Xoay gập,Likenew,6 Tháng,Intel Core i7-1165G7,16GB DDR4,256GB NVMe,Intel Graphics,14 inch FHD Cảm ứng,13480000,15480000,no,0,https://laptoptv.vn/laptop-cu-dell-latitude-7420-2in1-cam-ung-core-i7-1165g7-16gb-256gb-xoay-ga-p-360,laptop-2in1,10–15tr
44712875,Laptop cũ Lenovo Thinkpad X1 Yoga Gen 5 Core i5-10210U | 16GB | 512GB | 14 inch FHD,Lenovo,Laptop,Xoay gập,Cũ,6 Tháng,intel Core i5-10210U,16GB LPDDR4,M.2 NMVe 512GB,Intel Graphics,14 inch FHD,13480000,22180000,no,0,https://laptoptv.vn/laptop-cu-cao-cap-lenovo-thinkpad-x1-yoga-gen-5-core-i5-10210u-16gb-512gb-cam-ung-xoay-gap-360,laptop-2in1,10–15tr
55213984,[Like New] Dell Latitude 9410 2in1 Core i7-10610U |  16GB | 512GB | 14 inch FHD,Dell,Laptop,Xoay gập,Likenew,6 Tháng,intel Core i7- 10610U,16GB DDR4,512GB Nvme,onboard,14inch,13680000,16280000,yes,8,https://laptoptv.vn/laptop-cu-dell-latitude-9410-2in1-core-i7-10610u-16gb-512gb-14-inch-fhd,deal-shock|laptop-2in1,10–15tr
72904224,Laptop Gaming cũ Acer Nitro 5 AN515-55 Core i5-10300H | 16GB | 512GB | GTX 1650 | 15.6 inch FHD,Acer,Laptop,Gaming,Cũ,6 Tháng,Intel Core i5-10300H,16GB DDR4,512GB NVMe PCIe,NVIDIA GTX 1650,15.6 inch FHD,13680000,17160000,no,0,https://laptoptv.vn/laptop-gaming-cu-acer-nitro-5-an515-55-core-i5-10300h-16gb-512gb-gtx-1650ti-15-6-inch-fhd,laptop-gaming,10–15tr
58871527,[Like New] Dell Inspiron 5406 2in1 Core i7-1165G7 | 16GB | 512GB | 14 inch FHD  Cảm ứng,Dell,Laptop,Xoay gập,Likenew,6 Tháng,intel Core i7- 1165G7,16GB DDR4,256GB NVMe PCIe,Intel Graphics,14 inch FHD+ Cảm ứng,13680000,18690000,no,0,https://laptoptv.vn/like-new-dell-inspiron-5406-2in1-core-i7-1165g7-16gb-512gb-14-inch-fhd-cam-ung,laptop-2in1,10–15tr
55827829,Laptop cũ HP Elitebook X360 1040 G7 Core i7-10610U| 16GB | 512GB | 14 inch FHD Cảm ứng,HP,Laptop,Xoay gập,Cũ,6 Tháng,Intel Core i7,16GB,512GB,Intel Graphics,14 inch,13690000,18890000,no,0,https://laptoptv.vn/laptop-cu-hp-elitebook-x360-1040-g7-core-i7-10610u-16gb-512gb-14-inch-fhd-cam-ung,laptop-2in1,10–15tr
66454722,[Like New] Dell Precision 5540 Core i7- 9850H | 16GB | 512GB | T1000 | 15.6 inch FHD,Dell,Laptop,Đồ hoạ,Likenew,6 Tháng,Intel Core i7-9850H,16GB DDR4,512GB NVMe,Quardo T1000,15.6 inch FHD,13780000,20180000,no,0,https://laptoptv.vn/like-new-dell-precision-5540-core-i7-9850h-16gb-512gb-t1000-15-6-inch-fhd-1,deal-shock,10–15tr
55154886,[Like new] Dell inspiron 13 - 7391 2in1 Core i7-10510U | 16GB | 256GB |13.3 inch 4K Cảm ứng,Dell,Laptop,Laptop,Likenew,6 Tháng,Intel Core i7-10510U,,256GB NVMe PCIe,Intel Graphics,13.3 inch 4K Cảm ứng,13880000,18980000,yes,6,https://laptoptv.vn/laptop-cu-dell-inspiron-13-7391-2in1-core-i7-10510u-16gb-256-13-3-inch-4k-cam-ung,deal-shock,10–15tr
44712813,Laptop cũ  Dell XPS 9365 2in1 Core i7-8500Y | 16GB | 256GB | 13.3 inch  Cảm ứng,Dell,Laptop,Xoay gập,Cũ,6 Tháng,Intel Core i7,16GB DDR4,M.2 NMVe 256GB,Intel Graphics,13.3 inch FHD,13880000,16980000,no,0,https://laptoptv.vn/laptop-cu-cao-cap-dell-xps-9365-2in1-cam-ung-core-i7-8500y-16gb-256gb-man-hinh-13-3-inch-xoay-ga-p-360,laptop-2in1,10–15tr
55213837,[Like New] Dell Latitude 7420 2in1 [Vỏ nhôm] Core i7-1165G7 | 16GB | 512GB | 14 inch FHD Cảm ứng,Dell,Laptop,Xoay gập,Likenew,6 Tháng,Intel Core i7-1165G7,16GB DDR4,512GB Nvme,Intel Graphics,14 inch FHD Cảm ứng,13980000,16480000,no,0,https://laptoptv.vn/laptop-cu-dell-latitude-7420-2in1-vo-nhom-core-i7-1165g7-16gb-512gb-14-inch-fhd-cam-ung,laptop-2in1,10–15tr
44712964,Laptop cũ Dell Gaming G3 3500 Core i5-10200H | 8GB | 256GB | GTX1650 | 15.6 inch FHD,Dell,Laptop,Gaming,Cũ,6 Tháng,Intel Core i5-10210H,8GB DDR4,512GB NVMe,GTX 1650,15.6 inch FHD,13990000,16800000,no,0,https://laptoptv.vn/laptop-cu-dell-gaming-g3-3500-core-i5-10200h-8gb-256gb-gtx1650-man-hinh-15-6-inch-fhd,laptop-gaming,10–15tr
44713036,[Like New] Dell Latitude 9510 2in1 Core i7-10810U | 16GB | 256GB | 15.6 FHD Cảm ứng,Dell,Laptop,Xoay gập,Likenew,6 Tháng,Intel Core i7-10810U,16GB DDR4,256GB NVMe,Intel Graphics,15.6 inch FHD Cảm ứng,14280000,16980000,no,0,https://laptoptv.vn/dell-latitude-9510-2in1-core-i7-10810u-16gb-256gb-man-hinh-15-6-fhd-cam-ung,laptop-2in1,10–15tr
44712717,[New 100%]Laptop Dell Inspiron 7425 2in1 Ryzen 5- 5625U | 8GB | 512GB | 14 inch FHD+ Cảm ứng,Dell,Laptop,Xoay gập,Mới,12 Tháng,Ryzen 5 5625U,8GB DDR4,256GB NVMe PCIe,onboard,14 inch FHD+ Cảm ứng,14280000,18990000,no,0,https://laptoptv.vn/dell-inspiron-7425-2in1-cam-ung-ryzen-5-5625u-8gb-512gb-xoay-ga-p-360,laptop-2in1,10–15tr
44712669,[Like New] Dell Latitude 9520 2in1 Core i5-1145G7 | 16GB | 256GB | 15.6 inch FHD Cảm ứng,Dell,Laptop,Xoay gập,Likenew,6 Tháng,Intel Core i5-1145G7,16GB onboard,256GB Nvme,Intel Iris Xe Graphics,15 inch FHD Cảm ứng,14290000,15890000,yes,4,https://laptoptv.vn/like-new-dell-latitude-9520-2in1-core-i5-1145g7-16gb-256gb-15-6-inch-fhd-cam-ung,deal-shock|laptop-2in1,10–15tr
44712649,[New 100%] HP Envy 14 2in1 2023 Core i5-1335U | 8GB | 512GB | 14 inch FHD Touch,HP,Laptop,Xoay gập,Mới,12 Tháng,Intel Core i5-1335U,8GB DDR5 4800Mhz,SSD M.2 NMVe 512GB,Iris Xe Graphics,"14"" FHD Cảm ứng",14290000,18690000,no,0,https://laptoptv.vn/hp-envy-14-2in1-2023-cam-ung-core-i5-1335u-8gb-512gb-xoay-ga-p-360,laptop-2in1,10–15tr
47442596,[Like New] Dell Latitude 7420 2in1 [Vỏ Carbon] Core i7-1185G7 | 32GB | 512GB | 14 inch FHD Cảm ứng,Dell,Laptop,Xoay gập,Likenew,6 Tháng,Intel Core i7-1185G7,32GB DDR4,256GB NVMe,Intel Graphics,14 inch FHD Cảm ứng,14480000,15480000,no,0,https://laptoptv.vn/laptop-cu-dell-latitude-7420-2in1-vo-carbon-core-i7-1185g7-32gb-512gb-14-inch-fhd-cam-ung,laptop-2in1,10–15tr
44712914,Laptop cũ Lenovo Ideapad Gaming 3 Ryzen 5-5600H | 8GB | 256GB | GTX 1650 | 15.6 inch FHD 120Hz,Lenovo,Laptop,Gaming,Cũ,6 Tháng,AMD Ryzen 5-5600H,8GB DDR4,512GB NVMe,NVIDIA GTX 1650,15.6 inch 120Hz,14490000,17899000,no,0,https://laptoptv.vn/lenovo-ideapad-gaming-3-ryzen-5-5600h-8gb-256gb-gtx1650-15-6-inch-fhd,laptop-gaming,10–15tr
44712682,Laptop cũ Dell Gaming G5 5500 Core i7-10750H | 16GB | 512GB | 1650TI | 15.6 inch FHD 165Hz,Dell,Laptop,Gaming,Cũ,6 Tháng,Intel Core i7-10750H,16GB DDR4,512GB M.2 PCIe NVMe,NVIDIA GTX 1650Ti 4GB,15.6 inch FHD 165Hz,14490000,20690000,no,0,https://laptoptv.vn/dell-gaming-g5-5500-core-i7-10750h-16gb-512gb-gtx-1650ti-15-6-inch-fhd,laptop-gaming,10–15tr
44712654,[New 100%] Laptop HP ENVY 15 2023 x360  Ryzen 5-7530U | 8GB  | 256GB  | 15.6inch FHD Cảm ứng,HP,Laptop,Xoay gập,Mới,12 Tháng,Ryzen 5-7530U,8GB DDR5,256GB NVMe PCIe,onboard,15.6 inch FHD Cảm ứng,14490000,18680000,no,0,https://laptoptv.vn/hp-envy-15-2023-x360-cam-ung-ryzen-5-7530u-8gb-256gb,laptop-2in1,10–15tr
44712683,Laptop cũ Gaming MSI GF63 Thin 10SCXR Core i5-10500H | 8GB | 256GB | GTX 1650 4GB | 15.6 inch FHD,MSI,Laptop,Gaming,Cũ,6 Tháng,Intel Core i5-10500H,8GB DDR4,SSD 256GB NVMe,Nvidia GeForce GTX 1650 4GB,15.6 inch FHD,14690000,15400000,no,0,https://laptoptv.vn/msi-gf63-thin-10scxr-core-i5-10500h-8gb-256gb-gtx1650,laptop-gaming,10–15tr
44712867,Laptop cũ Lenovo Thinkpad X1 Yoga Gen 5 Core i7-10510U | 16GB | 512GB | 14 inch 2K Cảm ứng,Lenovo,Laptop,Xoay gập,Cũ,6 Tháng,intel Core i7-10510U,16GB DDR4,M.2 NMVe 512GB,Intel Graphics,14inch 2K,14780000,19580000,no,0,https://laptoptv.vn/laptop-cu-cao-cap-lenovo-thinkpad-x1-yoga-gen-5-core-i7-10510u-16gb-512gb-2k-cam-ung-xoay-gap-360,laptop-2in1,10–15tr
44713050,[Like New] Dell Precision 5540 Xeon E-2276M | 16GB | 512GB | T1000 | 15.6 inch 4K OLED,Dell,Laptop,Đồ hoạ,Likenew,6 Tháng,Intel Core i7-9850H,16GB DDR4,512GB NVMe,Quardo T1000,15.6 inch,14790000,20180000,no,0,https://laptoptv.vn/like-new-dell-precision-5540-xeon-e-2276m-16gb-512gb-t1000-15-6-inch-4k-oled,deal-shock,10–15tr
55789099,[Like New] Surface Laptop 4 i7- 1185G7 | 16GB | 512GB  | 13.5 inch 2K Cảm ứng,Samsung,Laptop,Xoay gập,Likenew,6 Tháng,Intel Core i7-1185G7,,512GB Nvme,onboard,13.5 inch 2K Cảm ứng,14880000,29890000,yes,4,https://laptoptv.vn/new100-surface-laptop-4-i7-1185g7-16gb-512gb-13-5-inch-2k-cam-ung,deal-shock|laptop-2in1,10–15tr
90317286,[Like New] Dell Latitude 7410 2in1 [Vỏ nhôm] Core i7-10610U | 32GB | 512GB | 14 inch FHD Cảm ứng,Dell,Laptop,Xoay gập,Likenew,6 Tháng,Intel Core i7-10610U,32GB DDR4,512GB NVMe,Intel Graphics,14 inch FHD Cảm ứng,14880000,19860000,no,0,https://laptoptv.vn/like-new-dell-latitude-7410-2in1-vo-nhom-core-i7-10610u-16gb-512gb-14-inch-fhd-cam-ung,laptop-2in1,10–15tr
44712661,Laptop cũ Dell Latitude 7310 2in1 Core i7-10610U | 16GB | 512GB | 13.3 inch FHD Cảm ứng,Dell,Laptop,Xoay gập,Cũ,6 Tháng,Intel Core i7-10610U,16G DDR4- 3200MHz,512GB Nvme,Intel Graphics,13.3 inch FHD,14890000,15890000,no,0,https://laptoptv.vn/dell-latitude-7310-2in1-core-i7-10610u-16gb-512gb-13-3inch-fhd-cam-ung,laptop-2in1,10–15tr
44713039,[Like New] Dell Latitude 9420 2in1 Core i5-1145G7 | 16GB | 256GB | 14 inch 2K,Dell,Laptop,Xoay gập,Likenew,6 Tháng,intel Core i5-1145G7,16GB DDR4,256GB NVMe,Intel Graphics,14 inch,14980000,19800000,yes,13,https://laptoptv.vn/dell-latitude-9420-2in1-core-i5-1145g7-16gb-256gb-man-hinh-14-inch-2k,deal-shock|laptop-2in1,10–15tr
55075530,Laptop cũ Asus TUF A15 FA506QM Ryzen 7-4800H | 16GB | 512G | RTX 2060 | 15.6 inch FHD 144Hz,Asus,Laptop,Gaming,Cũ,6 Tháng,AMD Ryzen 7- 4800H,16GB DDR4,512GB NVMe,RTX 2060,15.6 inch 144Hz,14980000,20590000,no,0,https://laptoptv.vn/laptop-cu-asus-tuf-a15-fa506qm-ryzen-7-4800h-16gb-512g-rtx-3050ti-15-6-inch-fhd-144hz,laptop-gaming,10–15tr
56106165,[Like New] Dell Latitude 9420 [Vỏ nhôm] Core i7-1185G7 | 16GB | 256GB | 14.0 inch FHD,Dell,Laptop,Xoay gập,Likenew,6 Tháng,Intel Core i7-1185G7,16GB DDR4,256GB Nvme,,14inch FHD,14980000,22380000,no,0,https://laptoptv.vn/laptop-cu-dell-latitude-9420-vo-nhom-core-i7-1185g7-16gb-256gb-14-0-inch-fhd,laptop-2in1,10–15tr
44712962,Laptop cũ Dell Gaming G3 3500 Core i7-10750H | 8GB | 512GB | GTX1650 | 15.6 inch FHD,Dell,Laptop,Gaming,Cũ,6 Tháng,Intel Core i7-10750H,8GB DDR4,512GB NVMe,GTX 1650,15.6 inch FHD,14990000,17260000,no,0,https://laptoptv.vn/laptop-cu-dell-gaming-g3-3500-core-i7-10750h-8gb-512gb-gtx1650,laptop-gaming,10–15tr
45407790,[New100%] Laptop HP Envy 14  x360 2in1 2024 Core 5-120U | 8GB | 512GB | 14 inch FHD Cảm ứng,HP,Laptop,Xoay gập,Mới,12 Tháng,intel Core 5 120U,8GB DDR5,M.2 NMVe 512GB,Intel Graphics,14inch FHD+,14990000,19480000,no,0,https://laptoptv.vn/new100-laptop-hp-envy-x360-2in1-2024-14-core-5-120u-8gb-512gb-iris-xe-graphics-14-inch-fhd-cam-ung,laptop-2in1,10–15tr
81688223,Laptop cũ Dell Precision 7550 Core™ i7-10850H | 16GB | 512GB | T1000 | 15.6 inch FHD,Dell,Laptop,Đồ hoạ,Cũ,6 Tháng,Intel Core i7-10750H,16GB DDR4 3200Mhz,512GB NVMe PCIe,NVIDIA T1000,15.6 inch FHD,15180000,27500000,yes,4,https://laptoptv.vn/laptop-cu-dell-precision-7550-core-i7-10850h-16gb-512gb-t1000-15-6-inch-fhd,deal-shock,15–20tr
46555751,[New100%]HP Envy X360 2in1 14-es0013dx  x360 2in1 2024 Core 5-150U | 8GB | 512GB | 14 inch FHD Cảm ứng,HP,Laptop,Xoay gập,Mới,12 Tháng,intel Core 5 120U,8GB DDR5,M.2 NMVe 512GB,Intel Graphics,14 inch FHD Touch,15190000,19880000,no,0,https://laptoptv.vn/new100-laptop-hp-envy-x360-2in1-2024-14-core-5-120u-8gb-512gb-iris-xe-graphics-14-inch-fhd-cam-ung-1,laptop-2in1,15–20tr
44712731,Laptop cũ HP Pavilion x360 Core i5-1235U | 8GB | 256GB | 14 inch FHD Cảm ứng,HP,Laptop,Xoay gập,Cũ,6 Tháng,Intel Core i5-1235U,8GB DDR4,256GB NVMe PCIe,Intel Iris Xe Graphics,14 inch FHD Cảm ứng,15190000,16880000,no,0,https://laptoptv.vn/laptop-cu-hp-pavilion-x360-core-i5-1235u-8gb-256gb-14-inch-fhd-cam-ung,laptop-2in1,15–20tr
85855413,[Like New] Dell Latitude 9510 2in1 Core i7-10810U | 16GB | 512GB | 15.6 FHD Cảm ứng,Dell,Laptop,Xoay gập,Likenew,6 Tháng,Intel Core i7-10810U,16GB DDR4,512 GB NVMe,Intel Graphics,15.6 inch FHD Cảm ứng,15280000,17980000,no,0,https://laptoptv.vn/like-new-dell-latitude-9510-2in1-core-i7-10810u-16gb-512gb-15-6-fhd-cam-ung,laptop-2in1,15–20tr
44712768,[New100%] Dell Inspiron 7435 2in1 Ryzen 5-7530U | 8GB | 512GB | 14 inch FHD Cảm ứng,Dell,Laptop,Xoay gập,Mới,6 Tháng,AMD Ryzen 5,8GB,512GB,onboard,14 inch,15280000,18280000,no,0,https://laptoptv.vn/new100-dell-inspiron-7435-2in1-ryzen-5-7530u-8gb-512gb-14-inch-fhd-cam-ung,laptop-2in1,15–20tr
56122171,[Like new] Dell Latitude 7430 2in1 Core i7-1265U | 16GB | 512GB 14 inch FHD Cảm ứng,Dell,Laptop,Xoay gập,Likenew,6 Tháng,Intel Core i5-1355U,8GB DDR4,512GB NVMe,Intel Graphics,14 inch FHD Cảm ứng,15480000,19880000,no,0,https://laptoptv.vn/like-new-dell-latitude-7430-2in1-core-i7-1265u-16gb-512gb-14-inch-fhd-cam-ung,laptop-2in1,15–20tr
90575238,Laptop Gaming Asus TUF FX706HC-HX009T Core i5 11400H | 16GB | 512GB | RTX 3050 | 17.3 inch FHD 144hz,Asus,Laptop,Gaming,?,,i5-11400H,16GB,512GB,RTX 3050,17.3 inch FHD 144Hz,15680000,22980000,no,0,https://laptoptv.vn/laptop-gaming-asus-tuf-fx706hc-hx009t-core-i5-11400h-16gb-512gb-rtx-3050-17-3-inch-fhd-144hz,laptop-gaming,15–20tr
44712921,[New 100%] Lenovo Ideapad Gaming 3 15ARH7 Ryzen 5-7535HS | 8GB | 512GB | RTX 2050 4G |15.6 inch FHD 120Hz,Lenovo,Laptop,Gaming,Mới,12 Tháng,AMD Ryzen -7535HS,8GB DDR3,512GB NVMe,Nvidia GTX 1650,15.6 inch 120Hz,15680000,17680000,no,0,https://laptoptv.vn/lenovo-ideapad-gaming-3-15arh7-ryzen-5-7535hs-8gb-512gb-rtx-2050-4g-15-6-inch-fhd,laptop-gaming,15–20tr
44712688,Laptop cũ Dell Precision 7550 Core™ i7-10850H | 16GB | 512GB | T2000 | 15.6 inch FHD,Dell,Laptop,Đồ hoạ,Cũ,6 Tháng,Intel Core i7-10750H,16GB DDR4 3200Mhz,512GB NVMe PCIe,NVIDIA T1000,15.6 inch FHD,15790000,27500000,yes,4,https://laptoptv.vn/dell-precision-7550-mobile-workstation-core-i7-10850h-ram-16gb-ssd-512gb-t1000-fhd,deal-shock,15–20tr
44712903,Laptop cũ Dell XPS 7390 2in1 Core i7-1065G7 | 16GB | 256GB | 13.3 inch FHD Cảm ứng,Dell,Laptop,Cao cấp,Cũ,6 Tháng,Intel Core i7-1065G7,16GB DDR4,256GB NVMe,Intel Graphics,13.3 inch FHD Cảm ứng,15880000,24980000,yes,3,https://laptoptv.vn/dell-xps-7390-2in1-cam-ung-core-i7-1065g7-16gb-256gb-fhd-xoay-ga-p-360,deal-shock,15–20tr
56608013,[Like New]Dell Latitude 9520 2in1 Core i7-1185G7 | 16GB | 256GB | 15.6 inch FHD Cảm ứng,Dell,Laptop,Xoay gập,Likenew,6 Tháng,Intel Core i7-1185G7,16GB onboard,512GB NVMe PCIe,Intel Iris Xe Graphics,15 inch FHD Cảm ứng,15880000,18890000,no,0,https://laptoptv.vn/like-new-dell-latitude-9520-2in1-core-i7-1185g7-16gb-256gb-15-6-inch-fhd-cam-ung,deal-shock|laptop-2in1,15–20tr
54409135,[New 100%] HP OmniBook 5 Flip 2in1  Core 5 120U | 8GB | 512GB | 14inch FHD + Touch | Glacier Silver,HP,Laptop,Xoay gập,Mới,12 Tháng,Core 5-120U,,512GB NVMe PCIe,Intel Graphics,14 inch Cảm ứng,15890000,19980000,yes,3,https://laptoptv.vn/hp-omnibook-5-flip-2in1-core-5-120u-8gb-512gb-14inch-fhd-touch-glacier-silver,deal-shock|laptop-2in1,15–20tr
57391810,[Like New] Dell Latitude 9420 [Vỏ nhôm] Core i7-1185G7 | 16GB | 512GB | 14.0 inch FHD,Dell,Laptop,Xoay gập,Likenew,6 Tháng,Intel Core i7-1185G7,16GB DDR4,512 GB NVMe,,14inch FHD,15980000,23380000,no,0,https://laptoptv.vn/like-new-dell-latitude-9420-vo-nhom-core-i7-1185g7-16gb-512gb-14-0-inch-fhd,laptop-2in1,15–20tr
44712647,Laptop cũ Acer Nitro 5 AN515-57 Core i5-11400H | 8GB | 256GB | GTX1650 | 15.6 inch FHD,Acer,Laptop,Gaming,Cũ,6 Tháng,Intel Core i5-11400H,8GB DDR4 3200 MHz,256GB NVMe PCIe,NVIDIA GTX 1650,15.6 inch FHD,15990000,18560000,no,0,https://laptoptv.vn/acer-nitro-5-an515-57-core-i5-11400h-8gb-256gb-gtx1650,laptop-gaming,15–20tr
44712591,[New 100%] Laptop HP Victus 15-fa0031dx Core i5-12450H | 8GB | 512GB | GTX1650 | 15.6 inch FHD,HP,Laptop,Gaming,Mới,12 Tháng,Intel Core i5-12450H,8GB DDR4 3200 MHz,512GB NVMe PCIe,NVIDIA GTX1650,15.6 inch FHD,15990000,19180000,no,0,https://laptoptv.vn/hp-victus-15-fa0031dx-core-i5-12450h-8gb-512gb-gtx1650,laptop-gaming,15–20tr
44712918,Lenovo Ideapad Gaming 3 Ryzen 5-5600H | 8GB | 256GB | 3050TI | 15.6 inch FHD 120Hz,Lenovo,Laptop,Gaming,?,,AMD Ryzen 5-5600H,8GB DDR4,256GB NVMe,RTX3050Ti,15.6 inch 120Hz,16290000,24480000,no,0,https://laptoptv.vn/lenovo-ideapad-gaming-3-ryzen-5-5600h-8gb-256gb-3050ti-15-6-inch-fhd,laptop-gaming,15–20tr
55081821,[Like New] Surface Laptop 4 i7- 1185G7 | 32GB | 1TB  | 13.5 inch 2K Cảm ứng,Samsung,Laptop,Xoay gập,Likenew,6 Tháng,Intel Core i7-1185G7,32GB,512GB Nvme,onboard,13.5 inch 2K Cảm ứng,16390000,29890000,no,0,https://laptoptv.vn/new100-surface-laptop-4-i7-1185g7-32gb-1tb-13-5-inch-2k-cam-ung,laptop-2in1,15–20tr
44712871,[Like New] Acer Nitro 5 AN515-57 Core i5-11400H | 16GB | 512GB | RTX 3050 | 15.6 inch FHD,Acer,Laptop,Gaming,Likenew,6 Tháng,intel Core i5-11400H,16GB DDR4,,NVIDIA RTX3050,15.6 inch FHD,16580000,18680000,no,0,https://laptoptv.vn/laptop-cu-acer-nitro-5-an515-57-core-i5-11400h-16gb-512gb-rtx3050,laptop-gaming,15–20tr
44712852,Laptop cũ HP ENVY 13 x360 Core i5-1135G7 | 8GB | 256GB | 13 inch FHD Cảm ứng,HP,Laptop,Xoay gập,Cũ,6 Tháng,Core i5-1135G7,8GB DDR4,256GB,Intel Iris Xe Graphics,13 inch FHD Cảm ứng,16590000,0,no,0,https://laptoptv.vn/laptop-cu-hp-envy-13-x360-cam-ung-core-i5-1135g7-8gb-256gb,laptop-2in1,15–20tr
44712939,[Like new] Laptop Dell Inspiron 5430 Core i5-1340P | 16GB | 512GB | 14 inch 2.5K,Dell,Laptop,Cao cấp,Likenew,6 Tháng,Intel Core i5-1340P,16GB DDR4,512GB NVMe,Intel Graphics,14 inch 2K,16680000,17990000,yes,3,https://laptoptv.vn/new-100-laptop-dell-inspiron-5430-core-i5-1340p-16gb-512gb-man-hinh-14-inch-2k,deal-shock,15–20tr
44712646,Laptop cũ Acer Nitro 5 AN515-46 Ryzen 7-6800H | 16GB | 512GB | RTX3050 | 15.6 inch  FHD 165hz,Acer,Laptop,Gaming,Cũ,6 Tháng,Ryzen 7-6800H,16GB DDR4,512GB NVMe PCIe,NVIDIA RTX3050,15.6 inch 2.5K 165Hz,16680000,23780000,no,0,https://laptoptv.vn/acer-nitro-5-an515-46-ryzen-7-6800h-16gb-512gb-rtx3050-fhd-165hz,laptop-gaming,15–20tr
86956872,[Like New]Dell Latitude 9520 2in1 Core i7-1185G7 | 16GB | 512GB | 15.6 inch FHD Cảm ứng,Dell,Laptop,Xoay gập,Likenew,6 Tháng,Intel Core i7-1185G7,16GB onboard,512GB NVMe PCIe,Intel Iris Xe Graphics,15 inch FHD Cảm ứng,16880000,19890000,no,0,https://laptoptv.vn/like-new-dell-latitude-9520-2in1-core-i7-1185g7-16gb-512gb-15-6-inch-fhd-cam-ung,deal-shock|laptop-2in1,15–20tr
77828369,[Open box] Dell Latitude 9420 [Vỏ nhôm] Core i7-1185G7 | 16GB | 512GB | 14.0 inch FHD,Dell,Laptop,Xoay gập,?,,Intel Core i7-1185G7,16GB DDR4,512 GB NVMe,,14inch FHD,16880000,23380000,no,0,https://laptoptv.vn/open-box-dell-latitude-9420-vo-nhom-core-i7-1185g7-16gb-512gb-14-0-inch-fhd,laptop-2in1,15–20tr
46134749,[New 100%] Laptop Dell Inspiron 7430 2in1 Core i5-1335U | 16GB | 256GB | 14 inch FHD Cảm ứng,Dell,Laptop,Xoay gập,Mới,12 Tháng,Intel Core i5-1355U,16GB DDR4,256GB Nvme,Intel Graphics,14 inch FHD Cảm ứng,16890000,18900000,no,0,https://laptoptv.vn/new-100-laptop-dell-inspiron-7430-2in1-cam-ung-core-i5-1335u-8gb-512gb-xoay-ga-p-360-man-hinh-14-inch-fhd-touch-1,laptop-2in1,15–20tr
44712843,[New 100%] Laptop HP Envy 14 2in1 2024 Ryzen 5-8640HS | 16GB | 512GB | 14 inch Cảm ứng,HP,Laptop,Xoay gập,Mới,12 Tháng,AMD Ryzen 5-8640HS,16GB LPDDR5,M.2 NMVe 512GB,Iris XE Graphics,"14"" FHD Cảm ứng",16890000,20900000,no,0,https://laptoptv.vn/new-100-laptop-hp-envy-14-2in1-cam-ung-ryzen-5-8640hs-16gb-512gb-xoay-ga-p-360,laptop-2in1,15–20tr
55074931,Laptop cũ Asus TUF A15 FA506QM Ryzen 7-5800H | 16GB | 512G | RTX 3050TI | 15.6 inch FHD 144Hz,Asus,Laptop,Gaming,Cũ,6 Tháng,AMD Ryzen 7- 5800H,16GB DDR4,512GB NVMe,RTX 3050Ti,15.6 inch 144Hz,16980000,20590000,yes,5,https://laptoptv.vn/laptop-cu-asus-tuf-a15-fa506qm-ryzen-7-5800h-16gb-512g-rtx-3050ti-15-6-inch-fhd-144hz,deal-shock|laptop-gaming,15–20tr
46525461,[New 100%] Asus Vivobook S 14 Q423SA-U5512 Core Ultra 5 226V | 16GB | 512GB | Intel Arc Graphics | 14 inch  FHD+ OLED,Asus,Laptop,Cao cấp,Mới,12 Tháng,Core Ultra 5 226V,16GB DDR5,512GB NVMe,Intel Arc Graphics,14 inch FHD+ OLED,16980000,19990000,yes,3,https://laptoptv.vn/new-100-asus-vivobook-s-14-q423sa-u5512-core-ultra-5-226v-16gb-512gb-intel-arc-graphics-14-inch-fhd-oled,deal-shock,15–20tr
44712739,[New100%] Laptop Gaming HP Victus 15 Core i5-12450H | 8GB | 512GB | RTX 3050 | 15.6 inch 144hz,HP,Laptop,Gaming,Mới,12 Tháng,Intel Core i5-12450H,8GB DDR4,512GB NVMe PCIe,NVIDIA RTX3050,15.6 inch FHD 144hz,16980000,19980000,no,0,https://laptoptv.vn/hp-victus-15-core-i5-12450h-8gb-512gb-rtx3050-15-6-inch-144hz,laptop-gaming,15–20tr
61648600,[Like new] Laptop Dell Latitude 7340 | Core i7 1365U | 16GB | 256GB | 13.3 inch FHD+,Dell,Laptop,Xoay gập,Likenew,6 Tháng,Intel Core i7-1365U,16GB LPDDR5,256GB NVMe PCIe,Intel Iris Xe Graphics,13.3 inch FHD+ Cảm ứng,16980000,25890000,no,0,https://laptoptv.vn/like-new-laptop-dell-latitude-7340-core-i7-1365u-16gb-256gb-13-3-inch-fhd,laptop-2in1,15–20tr
55057795,[LikeNew] Lenovo Thinkpad X1 Yoga Gen 6 2in1  Core i7-1185G7 | 16GB | 256GB | 14 inch FHD  Cảm Ứng (Tặng kèm bút),Lenovo,Laptop,Xoay gập,Likenew,6 Tháng,intel Core i7-1185G7,16GB LPDDR4,M.2 NMVe 256GB,Intel Graphics,14 inch FHD,16980000,24680000,no,0,https://laptoptv.vn/likenew-lenovo-thinkpad-x1-yoga-gen-6-2in1-core-i7-1185g7-16gb-256gb-14-inch-fhd-cam-ung,laptop-2in1,15–20tr
44713041,[Like New] Dell Latitude 9420 2in1 Core i7-1185G7 | 16GB | 512GB | 14 inch 2K,Dell,Laptop,Xoay gập,Likenew,6 Tháng,Intel Core i7-1185G7,16GB DDR4,256GB NVMe,Intel Graphics,14 inch,16980000,23280000,no,0,https://laptoptv.vn/like-new-dell-latitude-9420-2in1-core-i7-1185g7-16gb-512gb-14-inch-2k,laptop-2in1,15–20tr
44712927,[Like new] Dell Latitude 7430 2in1 Core i7-1265U | 32GB | 512GB 14 inch FHD Cảm ứng (BảnLimited),Dell,Laptop,Xoay gập,Likenew,6 Tháng,Intel Core i7-1265U,32GB DDR4,512GB NVMe,Intel Graphics,14 inch FHD Cảm ứng,17190000,23900000,no,0,https://laptoptv.vn/like-new-dell-latitude-7430-2in1-core-i7-1265u-32gb-256gb-14-inch-fhd-cam-ung-banlimited,laptop-2in1,15–20tr
85822062,[Like New] Laptop Dell Latitude 9430 2in1 Core i5 1235U | 16GB | 512GB | Iris Xe Graphic | 14 inch QHD+ Cảm ứng,Dell,Laptop,Xoay gập,Likenew,6 Tháng,Intel Core i5 1235U,16GB,512GB,Intel Iris Xe Graphics,14 inch 2.2K Cảm ứng,17480000,24880000,no,0,https://laptoptv.vn/like-new-laptop-dell-latitude-9430-2in1-core-i5-1235u-16gb-512gb-iris-xe-graphic-14-inch-qhd-cam-ung,laptop-2in1,15–20tr
44712865,[Like New] Acer Nitro 5 AN515-57 Core i5-11400H | 16GB | 512GB | RTX 3050 | 15.6 inch FHD 144hz,Acer,Laptop,Gaming,Likenew,6 Tháng,intel Core i5-11400H,16GB DDR4,M.2 NMVe 512GB,NVIDIA RTX3050,15.6 inch FHD,17580000,20500000,no,0,https://laptoptv.vn/laptop-cu-gaming-acer-nitro-5-an515-57-core-i5-11400h-16gb-512gb-rtx3050-2-5k-165hz,laptop-gaming,15–20tr
44713030,[Like New] Dell Precision 5550 Core i7-10850H [10750H] | 16GB | 512GB | T2000 | 15.6 inch FHD,Dell,Laptop,Đồ hoạ,Likenew,6 Tháng,Intel Core i7,16GB DDR4,512GB NVMe,Quardo T2000,15.6 inch FHD,17680000,22480000,yes,9,https://laptoptv.vn/laptop-cu-precision-5550-core-i7-10850h-16gb-512gb-t2000,deal-shock,15–20tr
44712684,[New100%] Laptop Lenovo LOQ 2024 15IAX9  Core i5-12450HX | 12GB | 512GB | RTX 2050 4GB | 15.6 inch FHD 144Hz,Lenovo,Laptop,Gaming,Mới,12 Tháng,Intel Core i5-13420H,8GB DDR5 5200MHz,512GB  NVMe PCIe,NVIDIA RTX 3050 6GB,15.6 inch FHD 144hz,17680000,21560000,yes,-1,https://laptoptv.vn/new100-laptop-lenovo-loq-2024-15iax9-core-i5-12450hx-12gb-512gb-rtx-2050-4gb-15-6-inch-fhd-144hz,laptop-gaming,15–20tr
46690330,[New100%] Laptop MSI Thin 15 B13UC 2081VN Core i5-13420H | 16GB | 512GB | RTX 3050 4GB | 15.6 inch FHD 144Hz | Win 11,MSI,Laptop,Gaming,Mới,12 Tháng,Intel Core i5-13420H,8GB DDR4,SSD 512GB NVMe,Nvidia GeForce RTX 3050 4GB,15.6 inch FHD 144hz,17890000,25660000,no,0,https://laptoptv.vn/new100-laptop-msi-thin-15-b13uc-2081vn-core-i5-13420h-16gb-512gb-rtx-3050-4gb-15-6-inch-fhd-144hz-win-11,laptop-gaming,15–20tr
44712776,[Like New] Dell XPS 9310 2in1  Core i7-1165G7 | 16GB | 256GB | 13 inch FHD+ Cảm ứng,Dell,Laptop,Xoay gập,Likenew,6 Tháng,Intel Core i7,16GB,256GB,Intel Graphics,13.3 inch,17980000,25990000,yes,7,https://laptoptv.vn/laptop-cu-cao-cap-dell-xps-9310-2in1-cam-ung-core-i7-1165g7-16gb-256gb-man-hinh-13-inch-fhd,deal-shock|laptop-2in1,15–20tr
54408668,[New100%] Laptop Lenovo LOQ 15 2023 Core i5-13420H | 8GB | 512GB | RTX 3050 6GB |15.6 inch 144Hz,Lenovo,Laptop,Gaming,Mới,12 Tháng,Intel Core i5-13420H,8GB DDR5 5200MHz,,NVIDIA RTX 3050 6GB,15.6 inch FHD 144hz,18180000,26490000,no,0,https://laptoptv.vn/new100-laptop-lenovo-loq-15-2023-core-i5-13420h-8gb-512gb-rtx-3050-6gb-15-6-inch-144hz,laptop-gaming,15–20tr
44712944,Laptop cũ Dell Inspiron 5410 2in1 Core i5-1135G7 | 16GB | 512GB | 14 inch FHD Cảm ứng,Dell,Laptop,Xoay gập,Cũ,6 Tháng,Intel Core i5-1135G7,16GB DDR4,512GB NVMe,Intel Graphics,14inch FHD Cảm ứng,18280000,23860000,no,0,https://laptoptv.vn/laptop-cu-dell-inspiron-5410-2in1-cam-ung-core-i5-1135g7-16gb-512gb-man-hinh-14-inch-fhd-xoay-gap-360-do-cam-ung,laptop-2in1,15–20tr
44712738,Laptop cũ Gaming Asus TUF F17 Core i5-11260H | 16GB | 512GB | RTX 3050TI | 17 inch FHD 144hz,Asus,Laptop,Gaming,Cũ,6 Tháng,Intel Core i5-11260H,8GB DDR4,512GB NVMe PCIe,NVIDIA RTX 3050TI,17 inch FHD 144Hz,18460000,21980000,no,0,https://laptoptv.vn/asus-tuf-f17-core-i5-11260h-8gb-512gb-rtx-3050ti,laptop-gaming,15–20tr
44712778,[Like New]Dell XPS 9310 2in1 Core i7-1165G7 | 16GB | 512GB | 13 inch FHD+ Cảm ứng,Dell,Laptop,Xoay gập,Likenew,6 Tháng,Intel Core i7,16GB,512GB,Intel Graphics,13.3 inch,18580000,25990000,no,0,https://laptoptv.vn/laptop-cu-cao-cap-dell-xps-9310-2in1-cam-ung-core-i7-1165g7-16gb-512gb-man-hinh-13-inch-fhd,laptop-2in1,15–20tr
44712673,[New100%] Laptop HP ENVY 15 x360 Core i5-1235U | 16GB | 512GB | 16inch FHD Cảm ứng,HP,Laptop,Xoay gập,Mới,12 Tháng,Intel Core i5-1235U,8GB DDR4,256GB NVMe PCIe,Intel Iris Xe Graphics,15.6 inch FHD Cảm ứng,18580000,20680000,no,0,https://laptoptv.vn/hp-envy-15-x360-cam-ung-core-i5-1235u-8gb-256gb,laptop-2in1,15–20tr
44712671,[New100%] Laptop HP Envy 14 x360 2024 Ryzen 7- 8840HS | 16GB | 1TB | 14 inch FHD+ Cảm ứng,HP,Laptop,Xoay gập,Mới,12 Tháng,Ryzen 7 8840HS,16GB DDR5,1TB SSD NVMe,Radeon graphics,14 inch FHD+,18590000,24880000,no,0,https://laptoptv.vn/hp-envy-x360-2in1-2024-14-ryzen-7-8840hs-16gb-1tb-fhd-cam-ung,laptop-2in1,15–20tr
44712714,[Like New] Acer Nitro 5 Tiger Core i5-12500H | 16GB | 512GB | RTX 3050 | 15.6 inch FHD 144Hz,Acer,Laptop,Gaming,Likenew,6 Tháng,Intel Core i5 - 12500H,16GB DDR4,512GB NVMe PCIe,NVIDIA RTX 3050,15.6 inch FHD 144hz,18680000,21560000,yes,2,https://laptoptv.vn/acer-nitro-5-tiger-core-i5-12500h-16gb-512gb-3050-165hz,deal-shock|laptop-gaming,15–20tr
44713083,[New100%] Samsung Galaxy Book 3 X360 Core I5-1340P | 8GB | 512GB | 13.3 inch AMOLED,Samsung,Laptop,Xoay gập,Mới,12 Tháng,intel Core i5-1340P,8GB DDR5,512GB Nvme,onboard,13 inch,18680000,21680000,no,0,https://laptoptv.vn/new100-samsung-galaxy-book-3-x360-core-i5-1340p-8gb-512gb-man-hinh-13-3-inch-amoled,laptop-2in1,15–20tr
44712699,Like new Acer Nitro 5 AN515-57 Core i7-11800H | 16GB | 512GB | RTX3050 | 15.6 inch FHD,Acer,Laptop,Gaming,Likenew,6 Tháng,Intel Core i7 - 11800H,16GB DDR4,512GB NVMe PCIe,NVIDIA RTX3050,15.6 inch FHD,18690000,21560000,no,0,https://laptoptv.vn/acer-nitro-5-an515-57-core-i7-11800h-8gb-512gb-rtx3050ti,laptop-gaming,15–20tr
44712757,Laptop cũ Dell Inspiron 14 7435 2in1  Ryzen7-7730U | 16GB | 1TB |  14 inch FHD Cảm ứng,Dell,Laptop,Xoay gập,Cũ,6 Tháng,,16GB,1TB,Intel Graphics,14 inch,18790000,21790000,no,0,https://laptoptv.vn/laptop-cu-cao-cap-dell-inspiron-14-7435-2in1-cam-ung-ryzen7-7730u-16gb-1tb-xoay-ga-p-360-do-man-hinh-14-inch-fhd,laptop-2in1,15–20tr
44712668,[Like New] Laptop Dell Latitude 9430 2in1 Core i7-1265U | 16GB | 256GB | Iris Xe Graphic | 14 inch 2K Cảm ứng,Dell,Laptop,Xoay gập,Likenew,6 Tháng,Intel Core I7 1265U,16G DDR5 bus 5200,256GB SSD NVMe,Intel Iris Xe Graphics,14 inch 2.2K Cảm ứng,18880000,24580000,yes,3,https://laptoptv.vn/dell-latitude-9430-2in1-core-i7-1265u-16gb-256gb-14-inch-2k-cam-ung,deal-shock|laptop-2in1,15–20tr
73581363,HP OMEN 16-B0004T | Core i7-11800H | 16GB | 512GB | RTX 3050Ti | 16.1 FHD,HP,Laptop,Gaming,Mới,12 Tháng,Core i7-11800H,16GB DDR4,512GB M.2 NVMe,RTX 3050Ti,16 inch FHD,18880000,0,no,0,https://laptoptv.vn/hp-omen-16-b0004t-core-i7-11800h-16gb-512gb-rtx-3050ti-16-1-fhd,laptop-gaming,15–20tr
44712678,Laptop cũ Dell Gaming G15 5511 Core i7-11800H | 8GB | 512GB | RTX 3050TI | 15.6 inch 165Hz,Dell,Laptop,Gaming,Cũ,6 Tháng,Intel Core i7-11800H,16GB DDR4,512GB M.2 PCIe NVMe,NVIDIA RTX 3060 6GB,15.6 inch FHD 165Hz,18880000,22690000,no,0,https://laptoptv.vn/dell-gaming-g15-5511-core-i7-11800h-16gb-512gb-3060-15-6-inch-165hz,laptop-gaming,15–20tr
59237558,Laptop cũ Dell Precision 7550 Xeon W-10855M | 16GB | 512GB | RTX 3000| 15.6 inch FHD,Dell,Laptop,Đồ hoạ,Cũ,6 Tháng,Xeon W-10855M,16GB,512GB NVMe PCIe,NVIDIA RTX 3000,15.6 inch FHD,18890000,24600000,no,0,https://laptoptv.vn/laptop-cu-dell-precision-7550-xeon-w-10855m-32gb-512gb-rtx-3000-15-6-inch-fhd,deal-shock,15–20tr
44712590,[New 100%] Laptop HP Victus 15-fa1093dx Core i5-13420H | 8GB | 512GB | RTX 3050 6GB | 15.6 inch FHD 120Hz,HP,Laptop,Gaming,Mới,12 Tháng,Intel Core i5-13420H,8GB DDR4,256GB NVMe PCIe,NVIDIA RTX 3050 6GB,15.6 inch FHD,18890000,20780000,no,0,https://laptoptv.vn/hp-victus-15-fa1093dx-core-i5-13420h-8gb-512gb-3050-6gb,laptop-gaming,15–20tr
44712878,[New100%] Laptop HP Envy 14 x360 2024 Core 7-150U | 16GB | 512GB | 14inch FHD+ Cảm ứng,HP,Laptop,Xoay gập,Mới,12 Tháng,Intel Core 7 150U,16GB DDR5#,512 SSD NVMe,Intel Graphics,14inch FHD+,18890000,24980000,no,0,https://laptoptv.vn/new100-laptophp-envy-x360-2in1-2024-14-core-7-150u-16gb-ssd-512-iris-xe-graphics-fhd-cam-ung,laptop-2in1,15–20tr
44712674,[New100%] Laptop HP Envy x360 2024 16 Core Ultra 5- 125U | 16GB | 512GB | 16 inch FHD+ Cảm ứng,HP,Laptop,Xoay gập,Mới,12 Tháng,Intel® Core™ Ultra 5 125U,16GB DDR5,512 GB NVMe,Iris Xe Graphics,16 inch FHD+,18890000,25990000,no,0,https://laptoptv.vn/hp-envy-x360-2in1-2024-16-core-ultra-5-125u-16gb-512gb-iris-xe-graphics-fhd-cam-ung,laptop-2in1,15–20tr
74148161,[Like New] Dell Latitude 9420 2in1 Core i7-1185G7 | 32GB | 512GB | 14 inch 2K,Dell,Laptop,Xoay gập,Likenew,6 Tháng,Intel Core i7-1185G7,16GB DDR4,256GB NVMe,Intel Graphics,14 inch,19180000,23980000,no,0,https://laptoptv.vn/like-new-dell-latitude-9420-2in1-core-i7-1185g7-32gb-512gb-14-inch-2k,laptop-2in1,15–20tr
44712781,[Like New] Dell XPS 9310 2in1 Core i7-1165G7 | 16GB | 512GB | 13 inch 4K Cảm ứng,Dell,Laptop,Xoay gập,Likenew,6 Tháng,Intel Core i7,16GB,512GB  NVMe PCIe,Intel Graphics,13.3 inch 4K Cảm ứng,19680000,25990000,no,0,https://laptoptv.vn/laptop-cu-dell-xps-9310-2in1-core-i7-1165g7-16gb-512gb-13-inch-4k-cam-ung,laptop-2in1,15–20tr
44712898,Laptop cũ Asus TUF A15 Ryzen 5-5600H | 16GB | 512G | RTX 3050TI | 15.6 inch FHD 144Hz,Asus,Laptop,Gaming,Cũ,6 Tháng,AMD Ryzen 5-5600H,16GB DDR4,512GB NVMe,RTX 3050Ti,15.6 inch 144Hz,19750000,22750000,no,0,https://laptoptv.vn/asus-tuf-a15-ryzen-5-5600h-16gb-512g-rtx-3050ti-man-hinh-15-6-inch,laptop-gaming,15–20tr
45407824,[New100%] Laptop HP Envy 14 x360 2024 Core 7-150U | 16GB | 512GB | 14inch FHD+ Cảm ứng,HP,Laptop,Xoay gập,Mới,12 Tháng,Intel Core 7 150U,16GB DDR5#,512 SSD NVMe,Intel Graphics,14inch FHD+,19890000,24980000,no,0,https://laptoptv.vn/new100-laptophp-envy-x360-2in1-2024-14-core-7-150u-16gb-ssd-512-iris-xe-graphics-fhd-cam-ung-1,laptop-2in1,15–20tr
44712833,[New 100%] Laptop HP Envy 14 2in1 2023 Core i7-1355U | 16GB | 1TB | 14 inch FHD Cảm ứng,HP,Laptop,Xoay gập,Mới,12 Tháng,intel Core i7-1355U,16GB DDR5,M.2 NMVe 1TB,Intel Graphics,"14"" FHD Cảm ứng",19890000,22990000,no,0,https://laptoptv.vn/new-100-laptop-hp-envy-14-2in1-2023-cam-ung-core-i7-1355u-16gb-1tb-xoay-ga-p-360,laptop-2in1,15–20tr
44712785,[New100%] Laptop Lenovo LOQ 2024 15IAX9 83GS001RVN Core i5-12450HX | 12GB | 512GB | RTX 3050 6GB | 15.6 inch FHD 144Hz,Lenovo,Laptop,Gaming,Mới,12 Tháng,Intel core i5-12450HX,12GB DDR4,512GB NVMe,Nvidia RTX 3060,15 inch,19990000,20890000,yes,-1,https://laptoptv.vn/new100-laptop-lenovo-loq-2024-15iax9-83gs001rvn-core-i5-12450hx-12gb-512gb-rtx-3050-6gb-15-6-fhd-144hz,laptop-gaming,15–20tr
44712736,Laptop Gaming Asus TUF Dash F15 Core i7-12650H 15.6 inch FHD,Asus,Laptop,Gaming,Mới,12 Tháng,Intel Core i7-12650H,16GB DDR4,512GB M.2 PCIe NVMe,NVIDIA RTX 3060,15.6 inch FHD,19990000,30990000,no,0,https://laptoptv.vn/asus-tuf-dash-f15-core-i7-12650h-16gb-512gb-rtx-3060,laptop-gaming,15–20tr
44712670,Laptop cũ HP ENVY 13 x360  Core i7-1195G7 | 8GB | 256GB | 13 inch FHD Cảm ứng,HP,Laptop,Xoay gập,Cũ,6 Tháng,Intel Core i7-1195G7,8GB DDR4,256GB NVMe PCIe,Intel Iris Xe Graphics,13 inch FHD Cảm ứng,20090000,26099999,no,0,https://laptoptv.vn/hp-envy-13-x360-cam-ung-core-i5-1135g7-8gb-256gb,laptop-2in1,20–30tr
86955656,[New 100%] Laptop Dell Inspiron 7445 2in1 Ryzen 5 - 8640HS | 8GB | 512GB | AMD Radeon Graphics | 14 inch FHD+ Touch,Dell,Laptop,Xoay gập,Mới,12 Tháng,AMD Ryzen™ 5 8640HS,,512GB M.2 PCIe NVMe Solid State Drive,AMD Radeon™ Graphics,14.0-inch 16:10 FHD+ (1920 x 1200) Touch 250nits WVA Display with ComfortView Support,20380000,22690000,no,0,https://laptoptv.vn/new-100-laptop-dell-inspiron-7445-2in1-ryzen-5-8640hs-8gb-512gb-amd-radeon-graphics-14-inch-fhd-touch,laptop-2in1,20–30tr
62021664,[New100%] Lenovo Ideapad Slim 3 15 2025 AMD Zyzen 7-8745HS | 16GB | 512GB | 15.1 inch 2K+ OLED 165Hz,Lenovo,Laptop,Cao cấp,Mới,12 Tháng,AMD Ryzen 7-8745HS,16GB DDR4,512GB Nvme,onboard,,20690000,23660000,no,0,https://laptoptv.vn/new100-lenovo-ideapad-slim-3-15-2025-amd-zyzen-7-8745hs-16gb-512gb-15-1-inch-2k-oled-165hz,laptop-gaming,20–30tr
55954376,[Like New] Laptop Dell Latitude 9430 2in1 Core i7-1265U | 32GB | 256GB | Iris Xe Graphic | 14 inch 2K Cảm ứng,Dell,Laptop,Xoay gập,Likenew,6 Tháng,Intel Core I7 1265U,32GB DDDR5,256GB SSD NVMe,Intel Iris Xe Graphics,14 inch 2.2K Cảm ứng,20880000,27580000,yes,2,https://laptoptv.vn/like-new-laptop-dell-latitude-9430-2in1-core-i7-1265u-32gb-256gb-iris-xe-graphic-14-inch-2k-cam-ung,deal-shock|laptop-2in1,20–30tr
44712861,[Like New] Acer Nitro 5 AN515-57 Core i9-11900H | 16GB | 512GB | RTX 3050 | 15.6 inch FHD 144hz,Acer,Laptop,Gaming,Likenew,6 Tháng,intel Core i9-11900H,16GB DDR4,512GB SSD NVMe PCIe,NVIDIA RTX3050,15.6 inch FHD,20880000,23799000,no,0,https://laptoptv.vn/laptop-cu-gaming-acer-nitro-5-an515-57-core-i9-11900h-16gb-512gb-rtx3050-2-5k-165hz,laptop-gaming,20–30tr
44712928,[New 100%] Laptop Dell Inspiron 7430 2in1 Core i7-1355U | 16GB | 1TB | 14 inch FHD Cảm ứng,Dell,Laptop,Xoay gập,Mới,12 Tháng,Intel Core i7-1355U,16GB DDR4,1TB NVMe,Intel Graphics,14 inch FHD Cảm ứng,20880000,25890000,no,0,https://laptoptv.vn/new-100-laptop-dell-inspiron-7430-2in1-cam-ung-core-i7-1355u-16gb-1tb-xoay-ga-p-360-man-hinh-14-inch-fhd-touch,laptop-2in1,20–30tr
59237314,Laptop cũ Dell Precision 7550 Core™ i7-10850H | 32GB | 512GB | RTX 3000| 15.6 inch FHD,Dell,Laptop,Đồ hoạ,Cũ,6 Tháng,Intel Core i7-10750H,16GB,512GB NVMe PCIe,NVIDIA RTX 3000,15.6 inch FHD,20980000,29600000,no,0,https://laptoptv.vn/laptop-cu-dell-precision-7550-core-i7-10850h-32gb-512gb-rtx-3000-15-6-inch-fhd,deal-shock,20–30tr
44712748,[New 100%] Laptop Lenovo Yoga 7 2in1 2024 Ryzen 5-8640HS | 8GB | 512GB | 14 inch FHD Touch,Lenovo,Laptop,Xoay gập,Mới,12 Tháng,Integrated AMD Radeon™ 760M,8 GB LPDDR5-6400MHz,512 GB SSD M.2 2242 PCIe Gen4 TLC,onboard,14″ WUXGA (1920 x 1200),20980000,25900000,no,0,https://laptoptv.vn/lenovo-yoga-7-2in1-2024-ryzen-5-8640hs-ram-8gb-ssd-512gb-14-inch-fhd-touch,laptop-2in1,20–30tr
44712945,Laptop cũ Dell Inspiron 5410 2in1 Core i7-1195G7 | 16GB | 512GB | 14 inch Cảm ứng,Dell,Laptop,Xoay gập,Cũ,6 Tháng,Intel Core i7-1195G7,16GB DDR4,512GB NVMe,Intel Graphics,14 inch FHD Cảm ứng,21480000,25860000,no,0,https://laptoptv.vn/laptop-cu-dell-inspiron-5410-2in1-cam-ung-core-i7-1195g7-16gb-512gb-14inch-xoay-ga-p-360,laptop-2in1,20–30tr
44712667,[Like new] Laptop Dell Latitude 9330 2in1 i7-1260U | 32GB | 512GB | 13.3 inch QHD,Dell,Laptop,Xoay gập,Likenew,6 Tháng,Intel Core i7-1260U,32GB LPDDR5 5200MHz,512GB Nvme,Intel Iris Xe Graphics,13.3 inch QHD,21480000,25990000,no,0,https://laptoptv.vn/dell-latitude-9330-2in1-i71260u-32gb-512gb-13-qhd,laptop-2in1,20–30tr
44712648,[Like New] Laptop Acer Nitro 5 Tiger AN515-58 Core i7-12700H | 16GB | 512GB | RTX 3050TI | 15.6 inch FHD 144Hz | Led RGB,Acer,Laptop,Gaming,Likenew,6 Tháng,intel Core i7-12700H,16GB DDR4 3200 MHz,512GB NVMe PCIe,NVIDIA RTX3050Ti,15.6 inch 2.5K 165Hz,21690000,26780000,no,0,https://laptoptv.vn/acer-nitro-5-tiger-an515-58-core-i7-12700h-16gb-512gb-15-6-2-5k-165hz-rtx-3060-led-rgb,laptop-gaming,20–30tr
44712652,[New 100%] Laptop HP Envy 14 2in1 2024 Ultra 7-155U | 16GB | 1TB | 14 inch FHD  Cảm ứng,HP,Laptop,Xoay gập,Mới,12 Tháng,Ultra 7-155U,16GB LPDDR5 6400Mhz,M.2 NMVe 1TB,Iris Xe Graphics,"14"" FHD Cảm ứng",21790000,26888000,no,0,https://laptoptv.vn/hp-envy-14-2in1-2024-cam-ung-ultra-7-155u-16gb-1tb-xoay-ga-p-360,laptop-2in1,20–30tr
44712752,Like new Lenovo Legion 5 Ryzen 7-5800HS | 16GB | 512GB | RTX 3050 4Gb| 15.6 inch,Lenovo,Laptop,Gaming,Likenew,6 Tháng,AMD Ryzen 7-5800HS,16GB DDR4,512GB NVMe,RTX 3060,15.6 Inch 2K 165Hz,21890000,29890000,no,0,https://laptoptv.vn/laptop-cu-gaming-lenovo-legion-5-ryzen-7-5800hs-16gb-512gb-rtx-3060-6gb-2k,laptop-gaming,20–30tr
44712681,[New100%] Laptop Dell Gaming G15 5525 Ryzen 7-6800H | 16GB | 512GB | 3050TI | 15.6 inch FHD 120Hz,Dell,Laptop,Gaming,Mới,12 Tháng,Ryzen 7-6800H,16GB DDR4,512GB M.2 PCIe NVMe,NVIDIA RTX 3050Ti 4GB,15.6 inch FHD 120Hz,21890000,28160000,no,0,https://laptoptv.vn/dell-gaming-g15-5525-ryzen-7-6800h-16gb-512gb,laptop-gaming,20–30tr
46694179,[New100%] Lenovo Ideapad Pro 5 2024 Ryzen 5-8645HS | 16GB | 512GB |  RTX 3050 6GB | 16 inch OLED 120Hz 100% sRGB,Lenovo,Laptop,Cao cấp,Mới,12 Tháng,AMD Ryzen 5-8645HS,16GB DDR4,512GB Nvme,onboard,16 inch OLED 120Hz,21989000,29860000,no,0,https://laptoptv.vn/new100-lenovo-ideapad-pro-5-2024-ryzen-5-8645hs-16gb-512gb-rtx-3050-6gb-16-inch-oled-120hz-100-srgb,laptop-gaming,20–30tr
44712749,[New 100%] Laptop Lenovo Yoga 7 2in1 14IML9-83DJ0001US Ultra 5-125U | 16GB | 512GB | 14 inch FHD+,Lenovo,Laptop,Xoay gập,Mới,12 Tháng,,16GB,512GB,Intel Graphics,14 inch,21990000,23580000,no,0,https://laptoptv.vn/lenovo-yoga-7-2in1-14iml9-83dj0001us-ultra-5-125u-16-gb-512gb-14-inch-full-hd-cam-ung,laptop-2in1,20–30tr
55783018,[New 100%] HP OmniBook 5 Flip 2in1 Core 7 150U | 16GB | 512GB | 14 inch FHD+ Touch | Glacier Silver,HP,Laptop,Xoay gập,Mới,12 Tháng,Core 7 150U,16GB,512GB NVMe PCIe,Intel Graphics,14 inch Cảm ứng,22180000,24980000,no,0,https://laptoptv.vn/new-100-hp-omnibook-5-flip-2in1-core-7-150u-16gb-512gb-14-inch-fhd-touch-glacier-silver,laptop-2in1,20–30tr
44712680,Laptop cũ Dell Gaming G15 5515 Ryzen 7-5800H | 8GB | 256GB | 3050TI | 15.6 inch FHD,Dell,Laptop,Gaming,Cũ,6 Tháng,Ryzen 5-5600H,8 GBDDR4 3200 MHz,256 GB SSD NVMe PCIe,NVIDIA RTX 3050 TI 4GB,15.6 inch FHD 120Hz,22390000,25860000,no,0,https://laptoptv.vn/dell-gaming-g15-5515-ryzen-7-5800h-8gb-512-gb-3050ti,laptop-gaming,20–30tr
44712719,[New 100%] Laptop Dell Inspiron 7445 2in1 Ryzen 5 - 8640HS | 16GB | 512GB | AMD Radeon Graphics | 14 inch FHD+ Touch,Dell,Laptop,Xoay gập,Mới,12 Tháng,AMD Ryzen™ 5 8640HS,,512GB M.2 PCIe NVMe Solid State Drive,AMD Radeon™ Graphics,14.0-inch 16:10 FHD+ (1920 x 1200) Touch 250nits WVA Display with ComfortView Support,22390000,23690000,no,0,https://laptoptv.vn/new-100-laptop-dell-inspiron-7445-2in1-ryzen-5-8640hs-16gb-512gb-amd-radeon-graphics-14-inch-fhd-touch,laptop-2in1,20–30tr
44712972,[Like new] Dell Gaming G15 5520 Core i5-12500H | 16GB | 512GB | RTX 3050 |  15.6 inch FHD 120Hz,Dell,Laptop,Gaming,Likenew,6 Tháng,Intel Core i5-12500H,16GB DDR4,512GB NVMe,RTX 3050,15.6 inch FHD 120Hz,22490000,21380000,no,0,https://laptoptv.vn/like-new-dell-gaming-g15-5520-core-i5-12500h-8gb-512gb-rtx-3050-15-6-inch-fhd-120hz,laptop-gaming,20–30tr
44712774,[Like New] Lenovo Legion 5 2021 (Y7000) Core i5-11400H | 16GB | 512GB | RTX 3050 | 15.6 inch FHD,Lenovo,Laptop,Gaming,Likenew,6 Tháng,Intel Core i5-11400H,16GB DDR4,512GB NVMe,Nvidia GTX 1650Ti,15.6 inch,22490000,25680000,no,0,https://laptoptv.vn/laptop-cu-gaming-lenovo-legion-y7000-2021-core-i5-11400h-16gb-512gb-rtx-3050-4gb-15-6-fhd,laptop-gaming,20–30tr
56426445,[New 100%] Laptop HP Victus 15-fb3093dx AMD Ryzen 7-7445HS| 16GB | 512GB | RTX 4050 6GB | 15.6 inch FHD 144Hz,HP,Laptop,Gaming,Mới,12 Tháng,AMD Ryzen 7 7445HS,8GB,512GB,,15.6 inch FHD 144hz,22580000,26890000,no,0,https://laptoptv.vn/new-100-laptop-hp-victus-15-fb3093dx-amd-ryzen-7-7445hs-16gb-512gb-rtx-4050-6gb-15-6-inch-fhd-144hz,laptop-gaming,20–30tr
66534721,[Like new] Dell AlineWare X14 R1 Core i7-12700H | 16GB | 1TB | 14.0 Inch FHD 144Hz | RTX 3050Ti,Dell,Laptop,Gaming,Likenew,6 Tháng,Intel Core i7-12700H,16GB DDR5,1TB NVMe,NVIDIA RTX 3050Ti,14.0 inch FHD 144Hz,22990000,35980000,no,0,https://laptoptv.vn/like-new-dell-alineware-x14-r1-core-i7-12700h-16gb-1tb-14-0-inch-fhd-144hz-rtx-3050ti,laptop-gaming,20–30tr
56994680,[New100%] Lenovo Ideapad Slim 5 2025 | XiaoXin Pro 16C | Ryzen 7 H 255 | 24GB | 1TB | 16inch  2.8K OLED 120Hz,Lenovo,Laptop,Cao cấp,Mới,12 Tháng,AMD Ryzen 7 H 255,16GB DDR4,1TB M.2 PCIe NVMe,onboard,,23180000,26680000,no,0,https://laptoptv.vn/new100-lenovo-ideapad-slim-5-2025-xiaoxin-pro-16c-ryzen-7-h-255-24gb-1tb-14inch-2-8k-oled-120hz,laptop-gaming,20–30tr
44712970,[Like new] Dell Gaming G15 5520 Core i7-12700H | 8GB  | 512GB | RTX 3060 | 15.6 inch FHD FHD 120Hz,Dell,Laptop,Gaming,Likenew,6 Tháng,Intel Core i7-12700H,8GB DDR4,512GB NVMe,RTX 3050,15.6 inch FHD 120Hz,23490000,26880000,no,0,https://laptoptv.vn/like-new-dell-gaming-g15-5520-core-i7-12700h-8gb-512gb-rtx-3050-15-6-inch-fhd-fhd-120hz,laptop-gaming,20–30tr
44712713,[Like New] Laptop Gaming Acer Nitro 5 Tiger AN515-58 Core i9-12900H | 16GB | 512GB | RTX 3060 | 15.6 inch 2.5K Led RGB,Acer,Laptop,Gaming,Likenew,6 Tháng,Intel Core i9-12900H,16GB DDR4,512GB NVMe PCIe,NVIDIA® GeForce RTX™ 3060 6GB GDDR6,15.6 inch 2.5K 165Hz,23680000,27990000,no,0,https://laptoptv.vn/like-new-laptop-gaming-acer-nitro-5-tiger-an515-58-core-i9-12900h-16gb-512gb-rtx-3060-15-6-inch-2-5k-led-rgb,laptop-gaming,20–30tr
57767599,[New 100%] Laptop Dell Inspiron 7440 2in1 Core 5-120U | 16GB | 512GB | 14 inch FHD Cảm ứng,Dell,Laptop,Xoay gập,Mới,12 Tháng,Intel Core 5-120U,16GB DDR4,512GB NVMe,Intel® Graphics,14 inch FHD Cảm ứng,23880000,25990000,yes,7,https://laptoptv.vn/new-100-laptop-dell-inspiron-7440-2in1-core-5-120u-16gb-512gb-14-inch-fhd-cam-ung,deal-shock|laptop-2in1,20–30tr
46536098,[New 100%] Asus TUF A16 Ryzen 7-7735HS | 32GB | 1TB | RX7700S 8GB | 16 inch FHD+ 165Hz,Asus,Laptop,Gaming,Mới,12 Tháng,AMD Ryzen 7-7735HS,32GB DDR5,NVMe 1TB,AMD RX 7700S,16 inch FHD+ 165Hz,23890000,29750000,yes,0,https://laptoptv.vn/new-100-asus-tuf-a16-ryzen-7-7735hs-32gb-1tb-rx7700s-8gb-16-inch-fhd-165hz,laptop-gaming,20–30tr
56988301,[New 100%] Lenovo Yoga 7 2in1 14AHP9 | Ryzen 7-8840HS  | 16GB | 1TB | 14 inch FHD Touch,Lenovo,Laptop,Xoay gập,Mới,12 Tháng,Integrated AMD Radeon™ 760M,16GB LPDDR5-6400MHz,1TB,onboard,14″ WUXGA (1920 x 1200),23890000,28900000,no,0,https://laptoptv.vn/new-100-lenovo-yoga-7-2in1-14ahp9-ryzen-7-8840hs-16gb-1tb-14-inch-fhd-touch,laptop-2in1,20–30tr
77567429,[Like New] Dell XPS 9520 Core i7-12700H | 32GB | 512GB | RTX 3050 4GB | 15.6 inch FHD+,Dell,Laptop,Xoay gập,Likenew,6 Tháng,Core i7-12700H,32GB DDDR5,512GB NVMe PCIe,RTX 3050Ti,15.6 inch 3.5K,23980000,26380000,no,0,https://laptoptv.vn/like-new-dell-xps-9520-core-i7-12700h-32gb-512gb-rtx-3050-4gb-15-6-inch-fhd,laptop-2in1,20–30tr
54409449,[New100%] HP OmniBook X Flip 2in1  Ryzen AI 5 340 | 16GB | 512GB | 14 inch FHD+ Touch | Meteor Silver,HP,Laptop,Xoay gập,Mới,12 Tháng,Ryzen AI 5 340,8GB DDR5,512GB NVMe PCIe,Intel Graphics,14 inch Cảm ứng,24280000,26980000,yes,8,https://laptoptv.vn/hp-omnibook-x-flip-2in1-ryzen-ai-5-340-16gb-512gb-14-inch-fhd-touch-meteor-silver,deal-shock|laptop-2in1,20–30tr
56711286,[Like New] Dell XPS 9520 Core i7-12700H | 32GB | 512GB | RTX 3050 4GB | 15.6 inch 3.5K OLED,Dell,Laptop,Xoay gập,Likenew,6 Tháng,Core i7-12700H,32GB DDDR5,512GB NVMe PCIe,RTX 3050Ti,15.6 inch 3.5K,24480000,26380000,no,0,https://laptoptv.vn/like-new-dell-xps-9520-core-i7-12700h-16gb-512gb-rtx-3050-4gb-15-6-inch-3-5k-oled,laptop-2in1,20–30tr
58640917,[Like New] Laptop Dell Latitude 9440 2in1 Core i7-1365U | 16GB | 512GB | 14 inch 2.5K Cảm ứng,Dell,Laptop,Xoay gập,Likenew,6 Tháng,Intel Core I7 1365U,16GB DDR4,512GB  NVMe PCIe,Intel Iris Xe Graphics,14 inch 2.5K Cảm ứng,24890000,30560000,no,0,https://laptoptv.vn/new-100-laptop-dell-latitude-9440-2in1-core-i7-1-365u-16gb-512gb-14-inch-2-5k-cam-ung,laptop-2in1,20–30tr
57801685,[New100%] HP OmniBook X Flip 2-in-1 14-fm0013dx 2025 Core Ultra 5 226V | 16GB | 512G | Intel Arc 130V | 14 icnh 2K Touch,HP,Laptop,Xoay gập,Mới,12 Tháng,Ryzen AI 7 350,16GB DDR5,512GB NVMe PCIe,Intel Graphics,14 inch 2K Cảm ứng,24990000,27890000,no,0,https://laptoptv.vn/new100-hp-omnibook-x-flip-2-in-1-14-fm0013dx-2025-core-ultra-5-226v-16gb-512g-intel-arc-130v-14-icnh-2k-touch,deal-shock|laptop-2in1,20–30tr
60354568,[New100%] Laptop Lenovo LOQ 2024 15ARP9 Ryzen 5-7235HS | 12GB | 512GB | RTX 4050 6GB | 15.6 inch FHD 144hz,Lenovo,Laptop,Gaming,Mới,12 Tháng,AMD Ryzen 5-7235HS,12GB DDR5,512GB NVMe,Nvidia Geforce RTX 4050,15.6 inch 144Hz,25190000,30990000,no,0,https://laptoptv.vn/new100-laptop-lenovo-loq-2024-15arp9-ryzen-5-7235hs-12gb-512gb-rtx-4050-6gb-15-6-inch-fhd-144hz,laptop-gaming,20–30tr
55071332,[New 100%] Laptop Dell Inspiron 7445 2in1 Ryzen 7  - 8840HS | 16GB | 1TB | AMD Radeon Graphics | 14 inch FHD+ Touch,Dell,Laptop,Xoay gập,Mới,12 Tháng,AMD Ryzen™ 5 8840HS,8GB,1TB M.2 PCIe NVMe,AMD Radeon™ Graphics,14.0-inch 16:10 FHD+ (1920 x 1200) Touch 250nits WVA Display with ComfortView Support,25390000,28990000,yes,5,https://laptoptv.vn/new-100-laptop-dell-inspiron-7445-2in1-2024-ryzen-7-8840hs-16gb-1tb-amd-radeon-graphics-14-inch-fhd-touch,deal-shock|laptop-2in1,20–30tr
60481468,[New100%] HP Omnibook X Flip 16-as0023dx | Ultra 7 256V | Ram 16GB | SSD 1TB | Màn 16 FHD+ Touch,HP,Laptop,Xoay gập,Mới,12 Tháng,Core Ultra 7 256V,16GB DDR5,1TB NVMe PCIe,Intel Graphics,14 inch 2K Cảm ứng,25480000,29980000,no,0,https://laptoptv.vn/new100-hp-omnibook-x-flip-14-fm0023dx-2025-core-ultra-7-256v-16gb-1tb-intel-arc-140v-14-icnh-2k-touch,deal-shock|laptop-2in1,20–30tr
44712729,Laptop Gaming cũ Acer Predator Triton 300 SE Core i7-11375H | 16GB | 512GB | RTX 3050Ti 4GB | 14 inch FHD,Acer,Laptop,Gaming,Cũ,6 Tháng,Intel Core i7-11375H,16GB DDR4,512GB M.2 PCIe NVMe,NVIDIA RTX 3050Ti 4GB,14 inch FHD,25590000,28190000,no,0,https://laptoptv.vn/acer-predator-triton-300-se-core-i7-11375h-16gb-512gb-3050ti,laptop-gaming,20–30tr
46690723,[New 100%] Acer Nitro V Ryzen 5 7535HS | 16GB | 512GB | 15.6 FHD 144hz | RTX 4050 6GB,Acer,Laptop,Gaming,Mới,12 Tháng,AMD Ryzen 5- 7535HS,16GB DDR5,512GB NVMe PCIe,NVIDIA RTX4050,15.6 inch 144Hz,25680000,29980000,no,0,https://laptoptv.vn/ref-acer-nitro-5-i7-13620h-16gb-512gb-rtx4060-8gb-15-6-inch-fhd-144hz,laptop-gaming,20–30tr
44712734,Laptop Gaming cũ ASUS ROG Strix G15 Ryzen 9-5900HX | 16GB | 512GB | RTX 3060 Mobile | 15.6 Inch 2K 165Hz,ASUS,Laptop,Gaming,Cũ,6 Tháng,AMD Ryzen 9-5900HX,16GB 3200MHz DDR4,512GB PCIe NVMe,NVIDIA RTX 3060 Mobile,15.6 Inch 2K 165Hz,25880000,30560000,no,0,https://laptoptv.vn/asus-rog-strix-g15-ryzen-9-5900hx-ram-16gb-ssd-512gb-rtx-3060-15-6-inch-2k-165hz,laptop-gaming,20–30tr
44712891,[New 100%] Asus TUF A15 Ryzen 7-7435HS | 16GB | 512GB | RTX 4060 8GB | 15.6 inch FHD IPS 144Hz,Asus,Laptop,Gaming,Mới,12 Tháng,AMD Ryzen 7-7435HS,16GB DDR4,512GB NVMe,RTX 4060 8GB,15.6 inch 144Hz,25990000,28990000,no,0,https://laptoptv.vn/laptop-cu-gaming-asus-tuf-a15-ryzen-7-7435hs-16gb-512gb-rtx-4060-8gb-15-6-fhd-ips-144hz,laptop-gaming,20–30tr
55573269,[New100%] HP OmniBook X Flip 2in1  Ryzen AI 7 350 | 24GB | 1TB | 14 inch FHD+ Touch | Meteor Silver,HP,Laptop,Xoay gập,Mới,12 Tháng,Ryzen AI 7 350,24GB DDR4,1TB NVMe PCIe,Intel Graphics,14 inch Cảm ứng,26490000,29980000,yes,5,https://laptoptv.vn/new100-hp-omnibook-x-flip-2in1-ryzen-ai-7-350-24gb-1tb-14-inch-fhd-touch-meteor-silver,deal-shock|laptop-2in1,20–30tr
44712730,Laptop Gaming cũ Acer Predator Triton 500 SE Core I7-11800H | 16GB | 512GB | RTX 3060 | 16 inch 2K,Acer,Laptop,Gaming,Cũ,6 Tháng,Intel Core i7-11800H,16GB DDR4,512GB M.2 PCIe NVMe,NVIDIA RTX 3060,16 inch 2K,26490000,30590000,no,0,https://laptoptv.vn/acer-predator-triton-500-se-core-i7-11800h-16gb-512gb-3060,laptop-gaming,20–30tr
56900774,[New 100%] HP Victus 16-r0360TX Core i7-13620H | 16GB | 1TB | RTX 4060 8GB | 16 inch 2K+ 240Hz,HP,Laptop,Gaming,Mới,12 Tháng,i7-13620H,8GB,1TB NVMe PCIe,,15.6 inch FHD 144hz,26680000,30890000,no,0,https://laptoptv.vn/new-100-hp-victus-16-r0360tx-core-i7-13620h-16gb-1tb-rtx-4060-8gb-16-inch-2k-240hz,laptop-gaming,20–30tr
44712727,Laptop Gaming cũ Acer Predator Helios 300 Core i7-11800H | 16GB SSD | 512GB | RTX 3060 | 15.6 inch FHD 144Hz,Acer,Laptop,Gaming,Cũ,6 Tháng,Intel Core i7-11800H,16GB DDR4,512GB M.2 PCIe NVMe,NVIDIA RTX 3060,15.6 inch FHD,26790000,28190000,no,0,https://laptoptv.vn/acer-predator-helios-300-core-i7-11800h-16gb-512gb-rtx-3060,laptop-gaming,20–30tr
44712925,[New 100%] Laptop Dell Inspiron 7440 2in1 Core 7-150U | 16GB | SSD 1TB  | 14 inch FHD Cảm ứng,Dell,Laptop,Xoay gập,Mới,12 Tháng,Intel Core 7-150U,16GB DDR5,1TB NVMe,Intel® Graphics,14 inch FHD Cảm ứng,27680000,29900000,no,0,https://laptoptv.vn/new-100-laptop-dell-inspiron-7440-2in1-core-7-150u-16gb-ssd-1tb-14-inch-fhd-cam-ung,laptop-2in1,20–30tr
44712677,Laptop cũ Asus ROG Zephyrus G14 Ryzen 7-5800HS | 16GB | 512GB | RTX 3050 | 15.6 inch FHD 144Hz,Asus,Laptop,Gaming,Cũ,6 Tháng,Ryzen 7-5800HS,16GB DDR4 2666MHz,512GB M.2 PCIe NVMe Class 35,NVIDIA RTX 3060 6GB,"14.0"" FHD (1920 x 1080) 144Hz",27690000,28690000,no,0,https://laptoptv.vn/asus-rog-zephyrus-g14-ryzen-7-5800hs-16gb-512gb,laptop-gaming,20–30tr
81089117,[Like New] Acer Predator PHN16-71-5606 Core i5-13500HX | 16GB | 512GB | RTX 4050 | 16 inch FHD,Acer,Laptop,Gaming,Likenew,6 Tháng,Intel Core i5-13500HX,16GB DDR5,512GB NVMe,NVIDIA RTX 4060 8GB,16 inch 2.5K,27890000,29980000,no,0,https://laptoptv.vn/like-new-acer-predator-phn16-71-5606-core-i5-13500hx-16gb-512gb-rtx-4050-8gb-16-inch-fhd,laptop-gaming,20–30tr
44713085,[New100%] Laptop Samsung Galaxy Book 3 X360 Core i7-1360P | 16GB | 512GB | 13.3 inch AMOLED,Samsung,Laptop,Xoay gập,Mới,12 Tháng,intel Core i7-1360P,16GB ĐR5,512GB Nvme,onboard,13 inch,28680000,29890000,no,0,https://laptoptv.vn/new100-laptop-samsung-galaxy-book-3-x360-core-i7-1360p-16gb-512gb-man-hinh-13-3-inch-amoled,laptop-2in1,20–30tr
66535024,[Like New] Acer Predator PHN16-71-5606 Core i5-13500HX | 16GB | 512GB | RTX 4060 (8GB) | 16 inch 2.5K,Acer,Laptop,Gaming,Likenew,6 Tháng,Intel Core i5-13500HX,16GB DDR5,512GB NVMe,NVIDIA RTX 4060 8GB,16 inch 2.5K,29490000,32180000,no,0,https://laptoptv.vn/like-new-acer-predator-phn16-71-5606-core-i5-13500hx-16gb-512gb-rtx-4060-8gb-16-inch-2-5k,laptop-gaming,20–30tr
44712779,[New100%] Laptop Lenovo LOQ 2024 Ryzen 7-7840HS | 16GB | 512GB | RTX 4050 6GB | 15.6 inch FHD 144hz,Lenovo,Laptop,Gaming,Mới,12 Tháng,AMD Ryzen -7840HS,16GB DDR4,512GB NVMe,Nvidia RTX 4050 6G,15.6 inch 144Hz,29490000,29890000,no,0,https://laptoptv.vn/new100-laptop-lenovo-loq-2024-ryzen-7-7840hs-16gb-512gb-rtx-4050-6gb-15-6-inch-fhd-144hz,laptop-gaming,20–30tr
44712737,[New100%] Laptop Gaming Asus TUF F15 Core i7-13620H | 16GB | 512GB | RTX 4060 | 15.6 inch FHD,Asus,Laptop,Gaming,Mới,12 Tháng,Inel Core i7-13620H,16GB DDR5,512GB M.2 PCIe NVMe,NVIDIA RTX 4060,15.6 inch FHD,29780000,31990000,no,0,https://laptoptv.vn/asus-tuf-f15-core-i7-13620h-16gb-512gb-rtx-4060,laptop-gaming,20–30tr
44712775,[New100%] Laptop Lenovo LOQ 2024 15ARP9 Ryzen 7-7435HS | 16GB | 512GB | RTX 4060 8GB | 15.6 inch FHD 144hz,Lenovo,Laptop,Gaming,Mới,12 Tháng,AMD Ryzen 7-7435HS,16GB DDR4,512GB Nvme,NVIDIA RTX 4060,15.6 inch 144Hz,29880000,32890000,no,0,https://laptoptv.vn/new100-laptop-lenovo-loq-2024-15arp9-ryzen-7-7435hs-16gb-512gb-rtx-4060-8gb-15-6-inch-fhd-144hz,laptop-gaming,20–30tr
44712726,[New100%] Laptop Gaming Acer Predator Helios Neo 2023 Core i7-13700HX | 16GB | 512GB | RTX 4050 6GB | 15.6 inch FHD 165Hz,Acer,Laptop,Gaming,Mới,12 Tháng,Intel Core i7-13700HX,16GB DDR5,512GB M.2 PCIe NVMe,NVIDIA RTX 4050 6GB,15.6 inch FHD,29880000,35690000,no,0,https://laptoptv.vn/acer-predator-helios-neo-2023-core-i7-13700hx-16gb-512gb-rtx-4050,laptop-gaming,20–30tr
59652035,[New100%] Laptop Lenovo LOQ 2024  15AHP9  Ryzen 7-8845HS | 16GB | 1TB | RTX 4060 6GB | 15.6 inch FHD 144Hz | Xám,Lenovo,Laptop,Gaming,Mới,12 Tháng,AMD Ryzen 7-8845HS,16GB DDR4,1TB NVMe PCIe,NVIDIA RTX 4060,15.6 inch 144Hz,29890000,32680000,no,0,https://laptoptv.vn/new100-laptop-lenovo-loq-2024-15ahp9-ryzen-7-8845hs-16gb-1tb-rtx-4060-6gb-15-6-inch-fhd-144hz-xam-new100-laptop-lenovo-loq-2024-15arp9,laptop-gaming,20–30tr
58665400,[Like New] Laptop Dell Latitude 9450 2in1 Core Ultra 7- 165U vPro | 16GB | 512GB | 14 inch QHD+ Cảm ứng,Dell,Laptop,Xoay gập,Likenew,6 Tháng,Intel Core Ultra 7 165U vPro,16GB DDR4,512GB  NVMe PCIe,Intel Iris Xe Graphics,14 inch 2.5K Cảm ứng,30390000,56690000,no,0,https://laptoptv.vn/like-new-laptop-dell-latitude-9450-2in1-core-ultra-7-165u-vpro-16gb-512gb-14-inch-qhd-cam-ung,laptop-2in1,trên 30tr
44712735,[New100%] Laptop Laptop Asus ROG Strix G16 Core i5-13450HX | 16GB | 512GB | RTX 4050 | 16 inch FHD+ 165Hz,Asus,Laptop,Gaming,Mới,12 Tháng,Intel Core i5-13450HX,8GB DDR5 4800Mhz,512GB PCIe® 4.0 NVMe™ M.2,NVIDIA® GeForce RTX™ 4050 6GB GDDR6,16-inch FHD+ (WUXGA) (1920 x 1200) 16:10,31490000,31490000,no,0,https://laptoptv.vn/new100-laptop-laptop-asus-rog-strix-g16-core-i5-13450hx-16gb-512gb-rtx-4050-16-inch-fhd-165hz,laptop-gaming,trên 30tr
59296834,[Like New] Laptop Dell Latitude 9450 2in1 Core Ultra 7- 165U vPro | 32GB | 512GB | 14 inch QHD+ Cảm ứng,Dell,Laptop,Xoay gập,Likenew,6 Tháng,Intel Core Ultra 7 165U vPro,32GB,512GB  NVMe PCIe,Intel Iris Xe Graphics,14 inch 2.5K Cảm ứng,31680000,56690000,no,0,https://laptoptv.vn/like-new-laptop-dell-latitude-9450-2in1-core-ultra-7-165u-vpro-32gb-512gb-14-inch-qhd-cam-ung,laptop-2in1,trên 30tr
44712747,[New 100%] Laptop Lenovo Legion Y7000 2024 Core i7-13650HX | 24GB | 512GB | RTX 4060 8GB | 15.6 inch FHD 144Hz,Lenovo,Laptop,Gaming,Mới,12 Tháng,Intel® Core i7-13650HX,24GB DDR5,512GB NVMe PCle Gen 4,RTX 4060 8G,15.6 inch 144Hz,32390000,31990000,no,0,https://laptoptv.vn/lenovo-legion-y7000-2024-core-i7-13650hx-24gb-512gb-rtx-4060-8gb-15-6-fhd-144hz,laptop-gaming,trên 30tr
44712685,[New100%] Laptop Lenovo Legion Slim 5 Y7000P Core i7-13620H | 16GB | 1TB | NVIDIA RTX 4050 Mobile | 16 inch 2K 165Hz 100% sRGB,Lenovo,Laptop,Gaming,Mới,12 Tháng,Intel Core i7-13620H,16GB 5200MHz DDR5,1TB PCIe NVMe,NVIDIA RTX 4050 Mobile,16 inch 2K 165Hz 100% sRGB,32880000,31890000,no,0,https://laptoptv.vn/lenovo-legion-slim-5-y7000p-core-i7-13620h-16gb-1tb-4050,laptop-gaming,trên 30tr
44712799,Like new Lenovo Legion 5 R7000 APH9 | Ryzen 7-7840H 16GB 512GB RTX 4060 8GB 15.6'' FHD 144Hz,Lenovo,Laptop,Gaming,Likenew,6 Tháng,Ryzen 7-7840H,16GB DDR5,512GB PCIe NVMe,NVIDIA RTX 4060,16 inch 2K 144Hz,33490000,35890000,no,0,https://laptoptv.vn/new100-laptop-lenovo-legion-slim-5-gen-8-ryzen-7-7840h-16gb-1tb-4060-man-hinh-16-inch-2k-165hz-100-srgb,laptop-gaming,trên 30tr
60212420,[New100%] Lenovo Gaming Lecoo Fighter 7000 Model 2025 | Core i7-14650HX | 16GB | 1TB | RTX 5060 8GB | 16.0 inch 2.5K 180Hz,Lenovo,Laptop,Gaming,Mới,12 Tháng,Intel Core i7-14650HX,16GB DDR5 5600 MHz,1T PCle,NVIDIA® GeForce RTX 5060,16″ 2.5K 180Hz,34480000,39680000,no,0,https://laptoptv.vn/new100-lenovo-gaming-lecoo-fighter-7000-model-2025-core-i7-14650hx-16gb-1tb-rtx-5060-8gb-16-0-inch-2-5k-180hz,laptop-gaming,trên 30tr
44712764,[New100%] Laptop Gaming Lenovo Legion 5 R7000 Ryzen 7-7735H | 16GB | 512GB | RTX 4060 8GB | 15.6 inch FHD 144Hz,Lenovo,Laptop,Gaming,Mới,12 Tháng,AMD Ryzen 7,16GB DDR4,512GB NVMe,RTX 4060 8G,15.6 inch 144Hz,34890000,38990000,no,0,https://laptoptv.vn/new100-laptop-gaming-lenovo-legion-5-r7000-ryzen-7-7735h-16gb-512gb-rtx-4060-8gb-15-6-fhd-144hz,laptop-gaming,trên 30tr
56053390,[New 100%] Laptop Lenovo Legion Y7000  2025 Core i7-14650HX | 16GB | 512GB | RTX 5060 8GB | 15.3 inch 2K+ 180Hz,Lenovo,Laptop,Gaming,Mới,12 Tháng,Intel® Core i7-14650HX,16GB DDR4,512GB NVMe PCle Gen 4,RTX 4060 8G,15.3 inch 2K+ 180Hz,35780000,39690000,no,0,https://laptoptv.vn/new-100-laptop-lenovo-legion-y7000-2025-core-i7-14650hx-16gb-512gb-rtx-5060-8gb-15-3-inch-2k-180hz,laptop-gaming,trên 30tr
44712805,[New 100%] Laptop Lenovo Legion Slim 5 Core i7-13700H | 16GB | 1TB | RTX 4060 | 16 inch 2K 165Hz 100% sRGB,Lenovo,Laptop,Gaming,Mới,12 Tháng,Intel Core i7-13700H,16GB DDR5,1TB PCIe NVMe,NVIDIA RTX 4060,16 inch 2K 165Hz,36890000,38890000,no,0,https://laptoptv.vn/new100-laptop-lenovo-legion-slim-5-core-i7-13700h-16gb-1tb-4060-man-hinh-16-inch-2k-165hz-100-srgb,laptop-gaming,trên 30tr
59464728,[New100%] Lenovo Gaming Lecoo Fighter 7000 Model 2025 | Ryzen 9-8940HX | 16GB | 1T | RTX 5060 8GB | 16.0 inch 2.5K 180Hz,,,Gaming,Mới,12 Tháng,AMD Ryzen 9-8940HX,16GB DDR5 5600 MHz,1T PCle,NVIDIA® GeForce RTX 5060,16″ 2.5K 180Hz,36980000,40890000,no,0,https://laptoptv.vn/new100-lenovo-gaming-lecoo-fighter-7000-model-2025-ryzen-9-8940hx-16gb-1t-rtx-5060-8gb-16-0-inch-2-5k-180hz,laptop-gaming,trên 30tr
44712793,[New 100%] Laptop Lenovo Legion Pro 5 Y9000P Core i7-13700HX | 16GB | 1TB | RTX 4060 | 16 inch 2K 240Hz 100% sRGB,Lenovo,Laptop,Gaming,Mới,12 Tháng,intel Core i7-13700HX,16 GB DDR5,1TB PCIe NVMe,NVIDIA RTX 4060,16 inch 2K 240Hz,37890000,39890000,no,0,https://laptoptv.vn/new100-laptop-lenovo-legion-pro-5-y9000p-core-i7-13700hx-16gb-1tb-4060-man-hinh-16-inch-2k-240hz-100-srgb,laptop-gaming,trên 30tr
44712888,[Like new] Laptop Acer Predator Helios Ne HN16-72-7148 Core i9-14900HX | 16GB | 1TB | RTX 4060 8gb | 16 inch  2K+ 180Hz),Acer,Laptop,Gaming,Likenew,6 Tháng,Intel Core i9-14900HX,16GB DDR4,1TB NVMe,RTX 4060 8G,16 inch 2K 180Hz,38690000,43123700,no,0,https://laptoptv.vn/new-100-laptop-acer-predator-helios-ne-hn16-72-7148-core-i9-14900hx-16gb-1tb-rtx-4060-8-2k-180hz,laptop-gaming,trên 30tr
44712797,[Like New]  Lenovo Legion Pro 5 R9000P 2024 Ryzen 9-7945HX | 16GB | 1TB | RTX 4060 8GB | 16 WQXGA 240Hz Glacier White,Lenovo,Laptop,Gaming,Likenew,6 Tháng,AMD Ryzen 9-7945HX,16GB DDR5,1TB PCIe NVMe,RTX 4060,16 inch 2K 240Hz,38690000,41590000,no,0,https://laptoptv.vn/like-new-laptop-lenovo-legion-pro-5-r9000p-ryzen-9-7945hx-16gb-1tb-rtx-4060-16-inch-2k-240hz-100-srgb,laptop-gaming,trên 30tr
44712884,[New 100%] Laptop Acer Predator Helios Ne HN16-72-7148 Core i9-14900HX | 16GB | 1TB | RTX 4060 8GB | 16 inch 2K 240Hz),Acer,Laptop,Gaming,Mới,12 Tháng,Intel Core i9-14900HX,16GB DDR5,1TB NVMe,RTX 4060 8GB,16 inch 2K 240Hz,38990000,43678540,no,0,https://laptoptv.vn/new-100-laptop-acer-predator-helios-ne-hn16-72-7148-core-i9-14900hx-16gb-1tb-rtx-4060-8gb-240hz,laptop-gaming,trên 30tr
57702579,[New 100%] Laptop Lenovo Legion Y7000 IRX10  Core i7-13650HX | 24GB | 512GB | RTX 5060 | 15.3 inch FHD 165Hz  Black,Lenovo,Laptop,Gaming,Mới,12 Tháng,Intel® Core i7-13650HX,24GB DDR5,512GB NVMe PCle Gen 4,RTX 4060 8G,15.3 inch FHD 165Hz,39880000,42890000,no,0,https://laptoptv.vn/new-100-laptop-lenovo-legion-y7000-irx10-core-i7-13650hx-24gb-512gb-rtx-5060-15-3-inch-fhd-180hz-black,laptop-gaming,trên 30tr
44712880,[New 100%] Laptop Acer Predator Helios Ne HN16-72-7148 Core i9-14900HX | 16GB | 1TB | RTX 4070 8GB | 16 inch 2K 240Hz,Acer,Laptop,Gaming,Mới,12 Tháng,intel Core i9-14900HX,16 GB DDR5,1 TB Nvme,NVIDIA GeForce RTX 4060 8GB,16 inch 2k+,42890000,45569000,no,0,https://laptoptv.vn/new-100-laptop-acer-predator-helios-ne-hn16-72-7148-core-i9-14900hx-16gb-1tb-rtx-4070-8gb-240hz,laptop-gaming,trên 30tr
60216396,[New 100%] Lenovo Legion R7000P 2025_16ADR10 Ryzen 9-8940HX | 16G |  1TB | RTX 5060 8G | 16inch  2.5K 240Hz,Lenovo,Laptop,Gaming,Mới,12 Tháng,AMD Ryzen 9-8940HX,16GB DDR4,512GB NVMe PCle Gen 4,RTX 5060 8GB,16inch 2K+ 240Hz,52980000,56880000,no,0,https://laptoptv.vn/new-100-legion-r7000p-2025-16adr10-ryzen-9-8940hx-16g-1tb-rtx-5060-8g-16inch-2-5k-240hz,laptop-gaming,trên 30tr
78204962,[New 100%] Laptop Lenovo Legion Y7000P 2025 Core i9-14900HX | 16GB | 1TB | RTX 5060 8GB | 16 2K+ 240Hz,Lenovo,Laptop,Gaming,Mới,12 Tháng,,16GB DDR4,512GB NVMe PCle Gen 4,RTX 4060 8G,16inch 2K+ 240Hz,53990000,48880000,no,0,https://laptoptv.vn/new-100-laptop-lenovo-legion-y7000p-2025-core-i9-14900hx-16gb-1tb-rtx-5060-8gb-16-2k-240hz,laptop-gaming,trên 30tr
56994066,[New 100%] Laptop Lenovo Legion Y7000P 2025 Core i9-14900HX | 16GB | 1TB | RTX 5070 8GB | 16 2K+ 240Hz,Lenovo,Laptop,Gaming,Mới,12 Tháng,,16GB DDR4,512GB NVMe PCle Gen 4,RTX 4060 8G,16inch 2K+ 240Hz,54390000,58880000,no,0,https://laptoptv.vn/new-100-laptop-lenovo-legion-y7000p-2025-core-i9-14900hx-16gb-1tb-rtx-5070-8gb-16-2k-240hz,laptop-gaming,trên 30tr
