id,name,vendor,type,segment,condition,warranty_tag,cpu,ram,ssd,gpu,screen,price,compare_at,stock_tracked,qty,url
44712721,Laptop cũ Gaming Dell Inspiron 7566 Core i5-6300HQ | 8GB | 128GB + HDD500GB | NVIDIA 960M | 15.6 inch FHD,Dell,Laptop,Gaming,Cũ,6 Tháng,Intel Core i5-6300HQ,8GB DDR4,128GB + HDD 500GB,Intel Graphics,15 inch FHD,7590000,10280000,no,0,https://laptoptv.vn/dell-inspiron-7566-core-i5-6300hq-8gb-128gb-500gb-960m
44712720,Laptop Gaming cũ Dell Inspiron 7559 Core i5-6300HQ | 8GB | 128GB + HDD500GB | NVIDIA 960M | 15.6 inch FHD,Dell,Laptop,Gaming,Cũ,6 Tháng,Inel Core i5-6300HQ,8GB DDR4,128GB + HDD 500GB,Intel Graphics,15 inch FHD,7590000,11980000,no,0,https://laptoptv.vn/dell-inspiron-7559-core-i5-6300hq-8gb-128gb-500gb-960m
47761519,Laptop cũ Dell Inspiron 7567 | Core i7-7700HQ | 8GB | 256GB | GTX 1050Ti,Dell,Laptop,Gaming,Cũ,,Core i7-7700HQ,,256 GB SSD NVMe PCIe,NVIDIA GTX 1050Ti,15.6 inch FHD,9880000,15680000,no,0,https://laptoptv.vn/laptop-cu-dell-inspiron-7567-core-i7-7700hq-8gb-256gb-gtx-1050ti
72904224,Laptop Gaming cũ Acer Nitro 5 AN515-55 Core i5-10300H | 16GB | 512GB | GTX 1650 | 15.6 inch FHD,Acer,Laptop,Gaming,Cũ,6 Tháng,Intel Core i5-10300H,16GB DDR4,512GB NVMe PCIe,NVIDIA GTX 1650,15.6 inch FHD,13680000,17160000,no,0,https://laptoptv.vn/laptop-gaming-cu-acer-nitro-5-an515-55-core-i5-10300h-16gb-512gb-gtx-1650ti-15-6-inch-fhd
44712964,Laptop cũ Dell Gaming G3 3500 Core i5-10200H | 8GB | 256GB | GTX1650 | 15.6 inch FHD,Dell,Laptop,Gaming,Cũ,6 Tháng,Intel Core i5-10210H,8GB DDR4,512GB NVMe,GTX 1650,15.6 inch FHD,13990000,16800000,no,0,https://laptoptv.vn/laptop-cu-dell-gaming-g3-3500-core-i5-10200h-8gb-256gb-gtx1650-man-hinh-15-6-inch-fhd
44712914,Laptop cũ Lenovo Ideapad Gaming 3 Ryzen 5-5600H | 8GB | 256GB | GTX 1650 | 15.6 inch FHD 120Hz,Lenovo,Laptop,Gaming,Cũ,6 Tháng,AMD Ryzen 5-5600H,8GB DDR4,512GB NVMe,NVIDIA GTX 1650,15.6 inch 120Hz,14490000,17899000,no,0,https://laptoptv.vn/lenovo-ideapad-gaming-3-ryzen-5-5600h-8gb-256gb-gtx1650-15-6-inch-fhd
44712682,Laptop cũ Dell Gaming G5 5500 Core i7-10750H | 16GB | 512GB | 1650TI | 15.6 inch FHD 165Hz,Dell,Laptop,Gaming,Cũ,6 Tháng,Intel Core i7-10750H,16GB DDR4,512GB M.2 PCIe NVMe,NVIDIA GTX 1650Ti 4GB,15.6 inch FHD 165Hz,14490000,20690000,no,0,https://laptoptv.vn/dell-gaming-g5-5500-core-i7-10750h-16gb-512gb-gtx-1650ti-15-6-inch-fhd
44712683,Laptop cũ Gaming MSI GF63 Thin 10SCXR Core i5-10500H | 8GB | 256GB | GTX 1650 4GB | 15.6 inch FHD,MSI,Laptop,Gaming,Cũ,6 Tháng,Intel Core i5-10500H,8GB DDR4,SSD 256GB NVMe,Nvidia GeForce GTX 1650 4GB,15.6 inch FHD,14690000,15400000,no,0,https://laptoptv.vn/msi-gf63-thin-10scxr-core-i5-10500h-8gb-256gb-gtx1650
55075530,Laptop cũ Asus TUF A15 FA506QM Ryzen 7-4800H | 16GB | 512G | RTX 2060 | 15.6 inch FHD 144Hz,Asus,Laptop,Gaming,Cũ,6 Tháng,AMD Ryzen 7- 4800H,16GB DDR4,512GB NVMe,RTX 2060,15.6 inch 144Hz,14980000,20590000,no,0,https://laptoptv.vn/laptop-cu-asus-tuf-a15-fa506qm-ryzen-7-4800h-16gb-512g-rtx-3050ti-15-6-inch-fhd-144hz
44712962,Laptop cũ Dell Gaming G3 3500 Core i7-10750H | 8GB | 512GB | GTX1650 | 15.6 inch FHD,Dell,Laptop,Gaming,Cũ,6 Tháng,Intel Core i7-10750H,8GB DDR4,512GB NVMe,GTX 1650,15.6 inch FHD,14990000,17260000,no,0,https://laptoptv.vn/laptop-cu-dell-gaming-g3-3500-core-i7-10750h-8gb-512gb-gtx1650
90575238,Laptop Gaming Asus TUF FX706HC-HX009T Core i5 11400H | 16GB | 512GB | RTX 3050 | 17.3 inch FHD 144hz,Asus,Laptop,Gaming,?,,i5-11400H,16GB,512GB,RTX 3050,17.3 inch FHD 144Hz,15680000,22980000,no,0,https://laptoptv.vn/laptop-gaming-asus-tuf-fx706hc-hx009t-core-i5-11400h-16gb-512gb-rtx-3050-17-3-inch-fhd-144hz
44712921,[New 100%] Lenovo Ideapad Gaming 3 15ARH7 Ryzen 5-7535HS | 8GB | 512GB | RTX 2050 4G |15.6 inch FHD 120Hz,Lenovo,Laptop,Gaming,Mới,12 Tháng,AMD Ryzen -7535HS,8GB DDR3,512GB NVMe,Nvidia GTX 1650,15.6 inch 120Hz,15680000,17680000,no,0,https://laptoptv.vn/lenovo-ideapad-gaming-3-15arh7-ryzen-5-7535hs-8gb-512gb-rtx-2050-4g-15-6-inch-fhd
44712647,Laptop cũ Acer Nitro 5 AN515-57 Core i5-11400H | 8GB | 256GB | GTX1650 | 15.6 inch FHD,Acer,Laptop,Gaming,Cũ,6 Tháng,Intel Core i5-11400H,8GB DDR4 3200 MHz,256GB NVMe PCIe,NVIDIA GTX 1650,15.6 inch FHD,15990000,18560000,no,0,https://laptoptv.vn/acer-nitro-5-an515-57-core-i5-11400h-8gb-256gb-gtx1650
44712591,[New 100%] Laptop HP Victus 15-fa0031dx Core i5-12450H | 8GB | 512GB | GTX1650 | 15.6 inch FHD,HP,Laptop,Gaming,Mới,12 Tháng,Intel Core i5-12450H,8GB DDR4 3200 MHz,512GB NVMe PCIe,NVIDIA GTX1650,15.6 inch FHD,15990000,19180000,no,0,https://laptoptv.vn/hp-victus-15-fa0031dx-core-i5-12450h-8gb-512gb-gtx1650
44712918,Lenovo Ideapad Gaming 3 Ryzen 5-5600H | 8GB | 256GB | 3050TI | 15.6 inch FHD 120Hz,Lenovo,Laptop,Gaming,?,,AMD Ryzen 5-5600H,8GB DDR4,256GB NVMe,RTX3050Ti,15.6 inch 120Hz,16290000,24480000,no,0,https://laptoptv.vn/lenovo-ideapad-gaming-3-ryzen-5-5600h-8gb-256gb-3050ti-15-6-inch-fhd
44712871,[Like New] Acer Nitro 5 AN515-57 Core i5-11400H | 16GB | 512GB | RTX 3050 | 15.6 inch FHD,Acer,Laptop,Gaming,Likenew,6 Tháng,intel Core i5-11400H,16GB DDR4,,NVIDIA RTX3050,15.6 inch FHD,16580000,18680000,no,0,https://laptoptv.vn/laptop-cu-acer-nitro-5-an515-57-core-i5-11400h-16gb-512gb-rtx3050
44712646,Laptop cũ Acer Nitro 5 AN515-46 Ryzen 7-6800H | 16GB | 512GB | RTX3050 | 15.6 inch  FHD 165hz,Acer,Laptop,Gaming,Cũ,6 Tháng,Ryzen 7-6800H,16GB DDR4,512GB NVMe PCIe,NVIDIA RTX3050,15.6 inch 2.5K 165Hz,16680000,23780000,no,0,https://laptoptv.vn/acer-nitro-5-an515-46-ryzen-7-6800h-16gb-512gb-rtx3050-fhd-165hz
55074931,Laptop cũ Asus TUF A15 FA506QM Ryzen 7-5800H | 16GB | 512G | RTX 3050TI | 15.6 inch FHD 144Hz,Asus,Laptop,Gaming,Cũ,6 Tháng,AMD Ryzen 7- 5800H,16GB DDR4,512GB NVMe,RTX 3050Ti,15.6 inch 144Hz,16980000,20590000,yes,5,https://laptoptv.vn/laptop-cu-asus-tuf-a15-fa506qm-ryzen-7-5800h-16gb-512g-rtx-3050ti-15-6-inch-fhd-144hz
44712739,[New100%] Laptop Gaming HP Victus 15 Core i5-12450H | 8GB | 512GB | RTX 3050 | 15.6 inch 144hz,HP,Laptop,Gaming,Mới,12 Tháng,Intel Core i5-12450H,8GB DDR4,512GB NVMe PCIe,NVIDIA RTX3050,15.6 inch FHD 144hz,16980000,19980000,no,0,https://laptoptv.vn/hp-victus-15-core-i5-12450h-8gb-512gb-rtx3050-15-6-inch-144hz
44712865,[Like New] Acer Nitro 5 AN515-57 Core i5-11400H | 16GB | 512GB | RTX 3050 | 15.6 inch FHD 144hz,Acer,Laptop,Gaming,Likenew,6 Tháng,intel Core i5-11400H,16GB DDR4,M.2 NMVe 512GB,NVIDIA RTX3050,15.6 inch FHD,17580000,20500000,no,0,https://laptoptv.vn/laptop-cu-gaming-acer-nitro-5-an515-57-core-i5-11400h-16gb-512gb-rtx3050-2-5k-165hz
44712684,[New100%] Laptop Lenovo LOQ 2024 15IAX9  Core i5-12450HX | 12GB | 512GB | RTX 2050 4GB | 15.6 inch FHD 144Hz,Lenovo,Laptop,Gaming,Mới,12 Tháng,Intel Core i5-13420H,8GB DDR5 5200MHz,512GB  NVMe PCIe,NVIDIA RTX 3050 6GB,15.6 inch FHD 144hz,17680000,21560000,yes,-1,https://laptoptv.vn/new100-laptop-lenovo-loq-2024-15iax9-core-i5-12450hx-12gb-512gb-rtx-2050-4gb-15-6-inch-fhd-144hz
46690330,[New100%] Laptop MSI Thin 15 B13UC 2081VN Core i5-13420H | 16GB | 512GB | RTX 3050 4GB | 15.6 inch FHD 144Hz | Win 11,MSI,Laptop,Gaming,Mới,12 Tháng,Intel Core i5-13420H,8GB DDR4,SSD 512GB NVMe,Nvidia GeForce RTX 3050 4GB,15.6 inch FHD 144hz,17890000,25660000,no,0,https://laptoptv.vn/new100-laptop-msi-thin-15-b13uc-2081vn-core-i5-13420h-16gb-512gb-rtx-3050-4gb-15-6-inch-fhd-144hz-win-11
54408668,[New100%] Laptop Lenovo LOQ 15 2023 Core i5-13420H | 8GB | 512GB | RTX 3050 6GB |15.6 inch 144Hz,Lenovo,Laptop,Gaming,Mới,12 Tháng,Intel Core i5-13420H,8GB DDR5 5200MHz,,NVIDIA RTX 3050 6GB,15.6 inch FHD 144hz,18180000,26490000,no,0,https://laptoptv.vn/new100-laptop-lenovo-loq-15-2023-core-i5-13420h-8gb-512gb-rtx-3050-6gb-15-6-inch-144hz
44712738,Laptop cũ Gaming Asus TUF F17 Core i5-11260H | 16GB | 512GB | RTX 3050TI | 17 inch FHD 144hz,Asus,Laptop,Gaming,Cũ,6 Tháng,Intel Core i5-11260H,8GB DDR4,512GB NVMe PCIe,NVIDIA RTX 3050TI,17 inch FHD 144Hz,18460000,21980000,no,0,https://laptoptv.vn/asus-tuf-f17-core-i5-11260h-8gb-512gb-rtx-3050ti
44712714,[Like New] Acer Nitro 5 Tiger Core i5-12500H | 16GB | 512GB | RTX 3050 | 15.6 inch FHD 144Hz,Acer,Laptop,Gaming,Likenew,6 Tháng,Intel Core i5 - 12500H,16GB DDR4,512GB NVMe PCIe,NVIDIA RTX 3050,15.6 inch FHD 144hz,18680000,21560000,yes,2,https://laptoptv.vn/acer-nitro-5-tiger-core-i5-12500h-16gb-512gb-3050-165hz
44712699,Like new Acer Nitro 5 AN515-57 Core i7-11800H | 16GB | 512GB | RTX3050 | 15.6 inch FHD,Acer,Laptop,Gaming,Likenew,6 Tháng,Intel Core i7 - 11800H,16GB DDR4,512GB NVMe PCIe,NVIDIA RTX3050,15.6 inch FHD,18690000,21560000,no,0,https://laptoptv.vn/acer-nitro-5-an515-57-core-i7-11800h-8gb-512gb-rtx3050ti
73581363,HP OMEN 16-B0004T | Core i7-11800H | 16GB | 512GB | RTX 3050Ti | 16.1 FHD,HP,Laptop,Gaming,Mới,12 Tháng,Core i7-11800H,16GB DDR4,512GB M.2 NVMe,RTX 3050Ti,16 inch FHD,18880000,0,no,0,https://laptoptv.vn/hp-omen-16-b0004t-core-i7-11800h-16gb-512gb-rtx-3050ti-16-1-fhd
44712678,Laptop cũ Dell Gaming G15 5511 Core i7-11800H | 8GB | 512GB | RTX 3050TI | 15.6 inch 165Hz,Dell,Laptop,Gaming,Cũ,6 Tháng,Intel Core i7-11800H,16GB DDR4,512GB M.2 PCIe NVMe,NVIDIA RTX 3060 6GB,15.6 inch FHD 165Hz,18880000,22690000,no,0,https://laptoptv.vn/dell-gaming-g15-5511-core-i7-11800h-16gb-512gb-3060-15-6-inch-165hz
44712590,[New 100%] Laptop HP Victus 15-fa1093dx Core i5-13420H | 8GB | 512GB | RTX 3050 6GB | 15.6 inch FHD 120Hz,HP,Laptop,Gaming,Mới,12 Tháng,Intel Core i5-13420H,8GB DDR4,256GB NVMe PCIe,NVIDIA RTX 3050 6GB,15.6 inch FHD,18890000,20780000,no,0,https://laptoptv.vn/hp-victus-15-fa1093dx-core-i5-13420h-8gb-512gb-3050-6gb
44712898,Laptop cũ Asus TUF A15 Ryzen 5-5600H | 16GB | 512G | RTX 3050TI | 15.6 inch FHD 144Hz,Asus,Laptop,Gaming,Cũ,6 Tháng,AMD Ryzen 5-5600H,16GB DDR4,512GB NVMe,RTX 3050Ti,15.6 inch 144Hz,19750000,22750000,no,0,https://laptoptv.vn/asus-tuf-a15-ryzen-5-5600h-16gb-512g-rtx-3050ti-man-hinh-15-6-inch
44712785,[New100%] Laptop Lenovo LOQ 2024 15IAX9 83GS001RVN Core i5-12450HX | 12GB | 512GB | RTX 3050 6GB | 15.6 inch FHD 144Hz,Lenovo,Laptop,Gaming,Mới,12 Tháng,Intel core i5-12450HX,12GB DDR4,512GB NVMe,Nvidia RTX 3060,15 inch,19990000,20890000,yes,-1,https://laptoptv.vn/new100-laptop-lenovo-loq-2024-15iax9-83gs001rvn-core-i5-12450hx-12gb-512gb-rtx-3050-6gb-15-6-fhd-144hz
44712736,Laptop Gaming Asus TUF Dash F15 Core i7-12650H 15.6 inch FHD,Asus,Laptop,Gaming,Mới,12 Tháng,Intel Core i7-12650H,16GB DDR4,512GB M.2 PCIe NVMe,NVIDIA RTX 3060,15.6 inch FHD,19990000,30990000,no,0,https://laptoptv.vn/asus-tuf-dash-f15-core-i7-12650h-16gb-512gb-rtx-3060
62021664,[New100%] Lenovo Ideapad Slim 3 15 2025 AMD Zyzen 7-8745HS | 16GB | 512GB | 15.1 inch 2K+ OLED 165Hz,Lenovo,Laptop,Cao cấp,Mới,12 Tháng,AMD Ryzen 7-8745HS,16GB DDR4,512GB Nvme,onboard,,20690000,23660000,no,0,https://laptoptv.vn/new100-lenovo-ideapad-slim-3-15-2025-amd-zyzen-7-8745hs-16gb-512gb-15-1-inch-2k-oled-165hz
44712861,[Like New] Acer Nitro 5 AN515-57 Core i9-11900H | 16GB | 512GB | RTX 3050 | 15.6 inch FHD 144hz,Acer,Laptop,Gaming,Likenew,6 Tháng,intel Core i9-11900H,16GB DDR4,512GB SSD NVMe PCIe,NVIDIA RTX3050,15.6 inch FHD,20880000,23799000,no,0,https://laptoptv.vn/laptop-cu-gaming-acer-nitro-5-an515-57-core-i9-11900h-16gb-512gb-rtx3050-2-5k-165hz
44712648,[Like New] Laptop Acer Nitro 5 Tiger AN515-58 Core i7-12700H | 16GB | 512GB | RTX 3050TI | 15.6 inch FHD 144Hz | Led RGB,Acer,Laptop,Gaming,Likenew,6 Tháng,intel Core i7-12700H,16GB DDR4 3200 MHz,512GB NVMe PCIe,NVIDIA RTX3050Ti,15.6 inch 2.5K 165Hz,21690000,26780000,no,0,https://laptoptv.vn/acer-nitro-5-tiger-an515-58-core-i7-12700h-16gb-512gb-15-6-2-5k-165hz-rtx-3060-led-rgb
44712752,Like new Lenovo Legion 5 Ryzen 7-5800HS | 16GB | 512GB | RTX 3050 4Gb| 15.6 inch,Lenovo,Laptop,Gaming,Likenew,6 Tháng,AMD Ryzen 7-5800HS,16GB DDR4,512GB NVMe,RTX 3060,15.6 Inch 2K 165Hz,21890000,29890000,no,0,https://laptoptv.vn/laptop-cu-gaming-lenovo-legion-5-ryzen-7-5800hs-16gb-512gb-rtx-3060-6gb-2k
44712681,[New100%] Laptop Dell Gaming G15 5525 Ryzen 7-6800H | 16GB | 512GB | 3050TI | 15.6 inch FHD 120Hz,Dell,Laptop,Gaming,Mới,12 Tháng,Ryzen 7-6800H,16GB DDR4,512GB M.2 PCIe NVMe,NVIDIA RTX 3050Ti 4GB,15.6 inch FHD 120Hz,21890000,28160000,no,0,https://laptoptv.vn/dell-gaming-g15-5525-ryzen-7-6800h-16gb-512gb
46694179,[New100%] Lenovo Ideapad Pro 5 2024 Ryzen 5-8645HS | 16GB | 512GB |  RTX 3050 6GB | 16 inch OLED 120Hz 100% sRGB,Lenovo,Laptop,Cao cấp,Mới,12 Tháng,AMD Ryzen 5-8645HS,16GB DDR4,512GB Nvme,onboard,16 inch OLED 120Hz,21989000,29860000,no,0,https://laptoptv.vn/new100-lenovo-ideapad-pro-5-2024-ryzen-5-8645hs-16gb-512gb-rtx-3050-6gb-16-inch-oled-120hz-100-srgb
44712680,Laptop cũ Dell Gaming G15 5515 Ryzen 7-5800H | 8GB | 256GB | 3050TI | 15.6 inch FHD,Dell,Laptop,Gaming,Cũ,6 Tháng,Ryzen 5-5600H,8 GBDDR4 3200 MHz,256 GB SSD NVMe PCIe,NVIDIA RTX 3050 TI 4GB,15.6 inch FHD 120Hz,22390000,25860000,no,0,https://laptoptv.vn/dell-gaming-g15-5515-ryzen-7-5800h-8gb-512-gb-3050ti
44712972,[Like new] Dell Gaming G15 5520 Core i5-12500H | 16GB | 512GB | RTX 3050 |  15.6 inch FHD 120Hz,Dell,Laptop,Gaming,Likenew,6 Tháng,Intel Core i5-12500H,16GB DDR4,512GB NVMe,RTX 3050,15.6 inch FHD 120Hz,22490000,21380000,no,0,https://laptoptv.vn/like-new-dell-gaming-g15-5520-core-i5-12500h-8gb-512gb-rtx-3050-15-6-inch-fhd-120hz
44712774,[Like New] Lenovo Legion 5 2021 (Y7000) Core i5-11400H | 16GB | 512GB | RTX 3050 | 15.6 inch FHD,Lenovo,Laptop,Gaming,Likenew,6 Tháng,Intel Core i5-11400H,16GB DDR4,512GB NVMe,Nvidia GTX 1650Ti,15.6 inch,22490000,25680000,no,0,https://laptoptv.vn/laptop-cu-gaming-lenovo-legion-y7000-2021-core-i5-11400h-16gb-512gb-rtx-3050-4gb-15-6-fhd
56426445,[New 100%] Laptop HP Victus 15-fb3093dx AMD Ryzen 7-7445HS| 16GB | 512GB | RTX 4050 6GB | 15.6 inch FHD 144Hz,HP,Laptop,Gaming,Mới,12 Tháng,AMD Ryzen 7 7445HS,8GB,512GB,,15.6 inch FHD 144hz,22580000,26890000,no,0,https://laptoptv.vn/new-100-laptop-hp-victus-15-fb3093dx-amd-ryzen-7-7445hs-16gb-512gb-rtx-4050-6gb-15-6-inch-fhd-144hz
66534721,[Like new] Dell AlineWare X14 R1 Core i7-12700H | 16GB | 1TB | 14.0 Inch FHD 144Hz | RTX 3050Ti,Dell,Laptop,Gaming,Likenew,6 Tháng,Intel Core i7-12700H,16GB DDR5,1TB NVMe,NVIDIA RTX 3050Ti,14.0 inch FHD 144Hz,22990000,35980000,no,0,https://laptoptv.vn/like-new-dell-alineware-x14-r1-core-i7-12700h-16gb-1tb-14-0-inch-fhd-144hz-rtx-3050ti
56994680,[New100%] Lenovo Ideapad Slim 5 2025 | XiaoXin Pro 16C | Ryzen 7 H 255 | 24GB | 1TB | 16inch  2.8K OLED 120Hz,Lenovo,Laptop,Cao cấp,Mới,12 Tháng,AMD Ryzen 7 H 255,16GB DDR4,1TB M.2 PCIe NVMe,onboard,,23180000,26680000,no,0,https://laptoptv.vn/new100-lenovo-ideapad-slim-5-2025-xiaoxin-pro-16c-ryzen-7-h-255-24gb-1tb-14inch-2-8k-oled-120hz
44712970,[Like new] Dell Gaming G15 5520 Core i7-12700H | 8GB  | 512GB | RTX 3060 | 15.6 inch FHD FHD 120Hz,Dell,Laptop,Gaming,Likenew,6 Tháng,Intel Core i7-12700H,8GB DDR4,512GB NVMe,RTX 3050,15.6 inch FHD 120Hz,23490000,26880000,no,0,https://laptoptv.vn/like-new-dell-gaming-g15-5520-core-i7-12700h-8gb-512gb-rtx-3050-15-6-inch-fhd-fhd-120hz
44712713,[Like New] Laptop Gaming Acer Nitro 5 Tiger AN515-58 Core i9-12900H | 16GB | 512GB | RTX 3060 | 15.6 inch 2.5K Led RGB,Acer,Laptop,Gaming,Likenew,6 Tháng,Intel Core i9-12900H,16GB DDR4,512GB NVMe PCIe,NVIDIA® GeForce RTX™ 3060 6GB GDDR6,15.6 inch 2.5K 165Hz,23680000,27990000,no,0,https://laptoptv.vn/like-new-laptop-gaming-acer-nitro-5-tiger-an515-58-core-i9-12900h-16gb-512gb-rtx-3060-15-6-inch-2-5k-led-rgb
46536098,[New 100%] Asus TUF A16 Ryzen 7-7735HS | 32GB | 1TB | RX7700S 8GB | 16 inch FHD+ 165Hz,Asus,Laptop,Gaming,Mới,12 Tháng,AMD Ryzen 7-7735HS,32GB DDR5,NVMe 1TB,AMD RX 7700S,16 inch FHD+ 165Hz,23890000,29750000,yes,0,https://laptoptv.vn/new-100-asus-tuf-a16-ryzen-7-7735hs-32gb-1tb-rx7700s-8gb-16-inch-fhd-165hz
60354568,[New100%] Laptop Lenovo LOQ 2024 15ARP9 Ryzen 5-7235HS | 12GB | 512GB | RTX 4050 6GB | 15.6 inch FHD 144hz,Lenovo,Laptop,Gaming,Mới,12 Tháng,AMD Ryzen 5-7235HS,12GB DDR5,512GB NVMe,Nvidia Geforce RTX 4050,15.6 inch 144Hz,25190000,30990000,no,0,https://laptoptv.vn/new100-laptop-lenovo-loq-2024-15arp9-ryzen-5-7235hs-12gb-512gb-rtx-4050-6gb-15-6-inch-fhd-144hz
44712729,Laptop Gaming cũ Acer Predator Triton 300 SE Core i7-11375H | 16GB | 512GB | RTX 3050Ti 4GB | 14 inch FHD,Acer,Laptop,Gaming,Cũ,6 Tháng,Intel Core i7-11375H,16GB DDR4,512GB M.2 PCIe NVMe,NVIDIA RTX 3050Ti 4GB,14 inch FHD,25590000,28190000,no,0,https://laptoptv.vn/acer-predator-triton-300-se-core-i7-11375h-16gb-512gb-3050ti
46690723,[New 100%] Acer Nitro V Ryzen 5 7535HS | 16GB | 512GB | 15.6 FHD 144hz | RTX 4050 6GB,Acer,Laptop,Gaming,Mới,12 Tháng,AMD Ryzen 5- 7535HS,16GB DDR5,512GB NVMe PCIe,NVIDIA RTX4050,15.6 inch 144Hz,25680000,29980000,no,0,https://laptoptv.vn/ref-acer-nitro-5-i7-13620h-16gb-512gb-rtx4060-8gb-15-6-inch-fhd-144hz
44712734,Laptop Gaming cũ ASUS ROG Strix G15 Ryzen 9-5900HX | 16GB | 512GB | RTX 3060 Mobile | 15.6 Inch 2K 165Hz,ASUS,Laptop,Gaming,Cũ,6 Tháng,AMD Ryzen 9-5900HX,16GB 3200MHz DDR4,512GB PCIe NVMe,NVIDIA RTX 3060 Mobile,15.6 Inch 2K 165Hz,25880000,30560000,no,0,https://laptoptv.vn/asus-rog-strix-g15-ryzen-9-5900hx-ram-16gb-ssd-512gb-rtx-3060-15-6-inch-2k-165hz
44712891,[New 100%] Asus TUF A15 Ryzen 7-7435HS | 16GB | 512GB | RTX 4060 8GB | 15.6 inch FHD IPS 144Hz,Asus,Laptop,Gaming,Mới,12 Tháng,AMD Ryzen 7-7435HS,16GB DDR4,512GB NVMe,RTX 4060 8GB,15.6 inch 144Hz,25990000,28990000,no,0,https://laptoptv.vn/laptop-cu-gaming-asus-tuf-a15-ryzen-7-7435hs-16gb-512gb-rtx-4060-8gb-15-6-fhd-ips-144hz
44712730,Laptop Gaming cũ Acer Predator Triton 500 SE Core I7-11800H | 16GB | 512GB | RTX 3060 | 16 inch 2K,Acer,Laptop,Gaming,Cũ,6 Tháng,Intel Core i7-11800H,16GB DDR4,512GB M.2 PCIe NVMe,NVIDIA RTX 3060,16 inch 2K,26490000,30590000,no,0,https://laptoptv.vn/acer-predator-triton-500-se-core-i7-11800h-16gb-512gb-3060
56900774,[New 100%] HP Victus 16-r0360TX Core i7-13620H | 16GB | 1TB | RTX 4060 8GB | 16 inch 2K+ 240Hz,HP,Laptop,Gaming,Mới,12 Tháng,i7-13620H,8GB,1TB NVMe PCIe,,15.6 inch FHD 144hz,26680000,30890000,no,0,https://laptoptv.vn/new-100-hp-victus-16-r0360tx-core-i7-13620h-16gb-1tb-rtx-4060-8gb-16-inch-2k-240hz
44712727,Laptop Gaming cũ Acer Predator Helios 300 Core i7-11800H | 16GB SSD | 512GB | RTX 3060 | 15.6 inch FHD 144Hz,Acer,Laptop,Gaming,Cũ,6 Tháng,Intel Core i7-11800H,16GB DDR4,512GB M.2 PCIe NVMe,NVIDIA RTX 3060,15.6 inch FHD,26790000,28190000,no,0,https://laptoptv.vn/acer-predator-helios-300-core-i7-11800h-16gb-512gb-rtx-3060
44712677,Laptop cũ Asus ROG Zephyrus G14 Ryzen 7-5800HS | 16GB | 512GB | RTX 3050 | 15.6 inch FHD 144Hz,Asus,Laptop,Gaming,Cũ,6 Tháng,Ryzen 7-5800HS,16GB DDR4 2666MHz,512GB M.2 PCIe NVMe Class 35,NVIDIA RTX 3060 6GB,"14.0"" FHD (1920 x 1080) 144Hz",27690000,28690000,no,0,https://laptoptv.vn/asus-rog-zephyrus-g14-ryzen-7-5800hs-16gb-512gb
81089117,[Like New] Acer Predator PHN16-71-5606 Core i5-13500HX | 16GB | 512GB | RTX 4050 | 16 inch FHD,Acer,Laptop,Gaming,Likenew,6 Tháng,Intel Core i5-13500HX,16GB DDR5,512GB NVMe,NVIDIA RTX 4060 8GB,16 inch 2.5K,27890000,29980000,no,0,https://laptoptv.vn/like-new-acer-predator-phn16-71-5606-core-i5-13500hx-16gb-512gb-rtx-4050-8gb-16-inch-fhd
66535024,[Like New] Acer Predator PHN16-71-5606 Core i5-13500HX | 16GB | 512GB | RTX 4060 (8GB) | 16 inch 2.5K,Acer,Laptop,Gaming,Likenew,6 Tháng,Intel Core i5-13500HX,16GB DDR5,512GB NVMe,NVIDIA RTX 4060 8GB,16 inch 2.5K,29490000,32180000,no,0,https://laptoptv.vn/like-new-acer-predator-phn16-71-5606-core-i5-13500hx-16gb-512gb-rtx-4060-8gb-16-inch-2-5k
44712779,[New100%] Laptop Lenovo LOQ 2024 Ryzen 7-7840HS | 16GB | 512GB | RTX 4050 6GB | 15.6 inch FHD 144hz,Lenovo,Laptop,Gaming,Mới,12 Tháng,AMD Ryzen -7840HS,16GB DDR4,512GB NVMe,Nvidia RTX 4050 6G,15.6 inch 144Hz,29490000,29890000,no,0,https://laptoptv.vn/new100-laptop-lenovo-loq-2024-ryzen-7-7840hs-16gb-512gb-rtx-4050-6gb-15-6-inch-fhd-144hz
44712737,[New100%] Laptop Gaming Asus TUF F15 Core i7-13620H | 16GB | 512GB | RTX 4060 | 15.6 inch FHD,Asus,Laptop,Gaming,Mới,12 Tháng,Inel Core i7-13620H,16GB DDR5,512GB M.2 PCIe NVMe,NVIDIA RTX 4060,15.6 inch FHD,29780000,31990000,no,0,https://laptoptv.vn/asus-tuf-f15-core-i7-13620h-16gb-512gb-rtx-4060
44712775,[New100%] Laptop Lenovo LOQ 2024 15ARP9 Ryzen 7-7435HS | 16GB | 512GB | RTX 4060 8GB | 15.6 inch FHD 144hz,Lenovo,Laptop,Gaming,Mới,12 Tháng,AMD Ryzen 7-7435HS,16GB DDR4,512GB Nvme,NVIDIA RTX 4060,15.6 inch 144Hz,29880000,32890000,no,0,https://laptoptv.vn/new100-laptop-lenovo-loq-2024-15arp9-ryzen-7-7435hs-16gb-512gb-rtx-4060-8gb-15-6-inch-fhd-144hz
44712726,[New100%] Laptop Gaming Acer Predator Helios Neo 2023 Core i7-13700HX | 16GB | 512GB | RTX 4050 6GB | 15.6 inch FHD 165Hz,Acer,Laptop,Gaming,Mới,12 Tháng,Intel Core i7-13700HX,16GB DDR5,512GB M.2 PCIe NVMe,NVIDIA RTX 4050 6GB,15.6 inch FHD,29880000,35690000,no,0,https://laptoptv.vn/acer-predator-helios-neo-2023-core-i7-13700hx-16gb-512gb-rtx-4050
59652035,[New100%] Laptop Lenovo LOQ 2024  15AHP9  Ryzen 7-8845HS | 16GB | 1TB | RTX 4060 6GB | 15.6 inch FHD 144Hz | Xám,Lenovo,Laptop,Gaming,Mới,12 Tháng,AMD Ryzen 7-8845HS,16GB DDR4,1TB NVMe PCIe,NVIDIA RTX 4060,15.6 inch 144Hz,29890000,32680000,no,0,https://laptoptv.vn/new100-laptop-lenovo-loq-2024-15ahp9-ryzen-7-8845hs-16gb-1tb-rtx-4060-6gb-15-6-inch-fhd-144hz-xam-new100-laptop-lenovo-loq-2024-15arp9
44712735,[New100%] Laptop Laptop Asus ROG Strix G16 Core i5-13450HX | 16GB | 512GB | RTX 4050 | 16 inch FHD+ 165Hz,Asus,Laptop,Gaming,Mới,12 Tháng,Intel Core i5-13450HX,8GB DDR5 4800Mhz,512GB PCIe® 4.0 NVMe™ M.2,NVIDIA® GeForce RTX™ 4050 6GB GDDR6,16-inch FHD+ (WUXGA) (1920 x 1200) 16:10,31490000,31490000,no,0,https://laptoptv.vn/new100-laptop-laptop-asus-rog-strix-g16-core-i5-13450hx-16gb-512gb-rtx-4050-16-inch-fhd-165hz
44712747,[New 100%] Laptop Lenovo Legion Y7000 2024 Core i7-13650HX | 24GB | 512GB | RTX 4060 8GB | 15.6 inch FHD 144Hz,Lenovo,Laptop,Gaming,Mới,12 Tháng,Intel® Core i7-13650HX,24GB DDR5,512GB NVMe PCle Gen 4,RTX 4060 8G,15.6 inch 144Hz,32390000,31990000,no,0,https://laptoptv.vn/lenovo-legion-y7000-2024-core-i7-13650hx-24gb-512gb-rtx-4060-8gb-15-6-fhd-144hz
44712685,[New100%] Laptop Lenovo Legion Slim 5 Y7000P Core i7-13620H | 16GB | 1TB | NVIDIA RTX 4050 Mobile | 16 inch 2K 165Hz 100% sRGB,Lenovo,Laptop,Gaming,Mới,12 Tháng,Intel Core i7-13620H,16GB 5200MHz DDR5,1TB PCIe NVMe,NVIDIA RTX 4050 Mobile,16 inch 2K 165Hz 100% sRGB,32880000,31890000,no,0,https://laptoptv.vn/lenovo-legion-slim-5-y7000p-core-i7-13620h-16gb-1tb-4050
44712799,Like new Lenovo Legion 5 R7000 APH9 | Ryzen 7-7840H 16GB 512GB RTX 4060 8GB 15.6'' FHD 144Hz,Lenovo,Laptop,Gaming,Likenew,6 Tháng,Ryzen 7-7840H,16GB DDR5,512GB PCIe NVMe,NVIDIA RTX 4060,16 inch 2K 144Hz,33490000,35890000,no,0,https://laptoptv.vn/new100-laptop-lenovo-legion-slim-5-gen-8-ryzen-7-7840h-16gb-1tb-4060-man-hinh-16-inch-2k-165hz-100-srgb
60212420,[New100%] Lenovo Gaming Lecoo Fighter 7000 Model 2025 | Core i7-14650HX | 16GB | 1TB | RTX 5060 8GB | 16.0 inch 2.5K 180Hz,Lenovo,Laptop,Gaming,Mới,12 Tháng,Intel Core i7-14650HX,16GB DDR5 5600 MHz,1T PCle,NVIDIA® GeForce RTX 5060,16″ 2.5K 180Hz,34480000,39680000,no,0,https://laptoptv.vn/new100-lenovo-gaming-lecoo-fighter-7000-model-2025-core-i7-14650hx-16gb-1tb-rtx-5060-8gb-16-0-inch-2-5k-180hz
44712764,[New100%] Laptop Gaming Lenovo Legion 5 R7000 Ryzen 7-7735H | 16GB | 512GB | RTX 4060 8GB | 15.6 inch FHD 144Hz,Lenovo,Laptop,Gaming,Mới,12 Tháng,AMD Ryzen 7,16GB DDR4,512GB NVMe,RTX 4060 8G,15.6 inch 144Hz,34890000,38990000,no,0,https://laptoptv.vn/new100-laptop-gaming-lenovo-legion-5-r7000-ryzen-7-7735h-16gb-512gb-rtx-4060-8gb-15-6-fhd-144hz
56053390,[New 100%] Laptop Lenovo Legion Y7000  2025 Core i7-14650HX | 16GB | 512GB | RTX 5060 8GB | 15.3 inch 2K+ 180Hz,Lenovo,Laptop,Gaming,Mới,12 Tháng,Intel® Core i7-14650HX,16GB DDR4,512GB NVMe PCle Gen 4,RTX 4060 8G,15.3 inch 2K+ 180Hz,35780000,39690000,no,0,https://laptoptv.vn/new-100-laptop-lenovo-legion-y7000-2025-core-i7-14650hx-16gb-512gb-rtx-5060-8gb-15-3-inch-2k-180hz
44712805,[New 100%] Laptop Lenovo Legion Slim 5 Core i7-13700H | 16GB | 1TB | RTX 4060 | 16 inch 2K 165Hz 100% sRGB,Lenovo,Laptop,Gaming,Mới,12 Tháng,Intel Core i7-13700H,16GB DDR5,1TB PCIe NVMe,NVIDIA RTX 4060,16 inch 2K 165Hz,36890000,38890000,no,0,https://laptoptv.vn/new100-laptop-lenovo-legion-slim-5-core-i7-13700h-16gb-1tb-4060-man-hinh-16-inch-2k-165hz-100-srgb
59464728,[New100%] Lenovo Gaming Lecoo Fighter 7000 Model 2025 | Ryzen 9-8940HX | 16GB | 1T | RTX 5060 8GB | 16.0 inch 2.5K 180Hz,,,Gaming,Mới,12 Tháng,AMD Ryzen 9-8940HX,16GB DDR5 5600 MHz,1T PCle,NVIDIA® GeForce RTX 5060,16″ 2.5K 180Hz,36980000,40890000,no,0,https://laptoptv.vn/new100-lenovo-gaming-lecoo-fighter-7000-model-2025-ryzen-9-8940hx-16gb-1t-rtx-5060-8gb-16-0-inch-2-5k-180hz
44712793,[New 100%] Laptop Lenovo Legion Pro 5 Y9000P Core i7-13700HX | 16GB | 1TB | RTX 4060 | 16 inch 2K 240Hz 100% sRGB,Lenovo,Laptop,Gaming,Mới,12 Tháng,intel Core i7-13700HX,16 GB DDR5,1TB PCIe NVMe,NVIDIA RTX 4060,16 inch 2K 240Hz,37890000,39890000,no,0,https://laptoptv.vn/new100-laptop-lenovo-legion-pro-5-y9000p-core-i7-13700hx-16gb-1tb-4060-man-hinh-16-inch-2k-240hz-100-srgb
44712888,[Like new] Laptop Acer Predator Helios Ne HN16-72-7148 Core i9-14900HX | 16GB | 1TB | RTX 4060 8gb | 16 inch  2K+ 180Hz),Acer,Laptop,Gaming,Likenew,6 Tháng,Intel Core i9-14900HX,16GB DDR4,1TB NVMe,RTX 4060 8G,16 inch 2K 180Hz,38690000,43123700,no,0,https://laptoptv.vn/new-100-laptop-acer-predator-helios-ne-hn16-72-7148-core-i9-14900hx-16gb-1tb-rtx-4060-8-2k-180hz
44712797,[Like New]  Lenovo Legion Pro 5 R9000P 2024 Ryzen 9-7945HX | 16GB | 1TB | RTX 4060 8GB | 16 WQXGA 240Hz Glacier White,Lenovo,Laptop,Gaming,Likenew,6 Tháng,AMD Ryzen 9-7945HX,16GB DDR5,1TB PCIe NVMe,RTX 4060,16 inch 2K 240Hz,38690000,41590000,no,0,https://laptoptv.vn/like-new-laptop-lenovo-legion-pro-5-r9000p-ryzen-9-7945hx-16gb-1tb-rtx-4060-16-inch-2k-240hz-100-srgb
44712884,[New 100%] Laptop Acer Predator Helios Ne HN16-72-7148 Core i9-14900HX | 16GB | 1TB | RTX 4060 8GB | 16 inch 2K 240Hz),Acer,Laptop,Gaming,Mới,12 Tháng,Intel Core i9-14900HX,16GB DDR5,1TB NVMe,RTX 4060 8GB,16 inch 2K 240Hz,38990000,43678540,no,0,https://laptoptv.vn/new-100-laptop-acer-predator-helios-ne-hn16-72-7148-core-i9-14900hx-16gb-1tb-rtx-4060-8gb-240hz
57702579,[New 100%] Laptop Lenovo Legion Y7000 IRX10  Core i7-13650HX | 24GB | 512GB | RTX 5060 | 15.3 inch FHD 165Hz  Black,Lenovo,Laptop,Gaming,Mới,12 Tháng,Intel® Core i7-13650HX,24GB DDR5,512GB NVMe PCle Gen 4,RTX 4060 8G,15.3 inch FHD 165Hz,39880000,42890000,no,0,https://laptoptv.vn/new-100-laptop-lenovo-legion-y7000-irx10-core-i7-13650hx-24gb-512gb-rtx-5060-15-3-inch-fhd-180hz-black
44712880,[New 100%] Laptop Acer Predator Helios Ne HN16-72-7148 Core i9-14900HX | 16GB | 1TB | RTX 4070 8GB | 16 inch 2K 240Hz,Acer,Laptop,Gaming,Mới,12 Tháng,intel Core i9-14900HX,16 GB DDR5,1 TB Nvme,NVIDIA GeForce RTX 4060 8GB,16 inch 2k+,42890000,45569000,no,0,https://laptoptv.vn/new-100-laptop-acer-predator-helios-ne-hn16-72-7148-core-i9-14900hx-16gb-1tb-rtx-4070-8gb-240hz
60216396,[New 100%] Lenovo Legion R7000P 2025_16ADR10 Ryzen 9-8940HX | 16G |  1TB | RTX 5060 8G | 16inch  2.5K 240Hz,Lenovo,Laptop,Gaming,Mới,12 Tháng,AMD Ryzen 9-8940HX,16GB DDR4,512GB NVMe PCle Gen 4,RTX 5060 8GB,16inch 2K+ 240Hz,52980000,56880000,no,0,https://laptoptv.vn/new-100-legion-r7000p-2025-16adr10-ryzen-9-8940hx-16g-1tb-rtx-5060-8g-16inch-2-5k-240hz
78204962,[New 100%] Laptop Lenovo Legion Y7000P 2025 Core i9-14900HX | 16GB | 1TB | RTX 5060 8GB | 16 2K+ 240Hz,Lenovo,Laptop,Gaming,Mới,12 Tháng,,16GB DDR4,512GB NVMe PCle Gen 4,RTX 4060 8G,16inch 2K+ 240Hz,53990000,48880000,no,0,https://laptoptv.vn/new-100-laptop-lenovo-legion-y7000p-2025-core-i9-14900hx-16gb-1tb-rtx-5060-8gb-16-2k-240hz
56994066,[New 100%] Laptop Lenovo Legion Y7000P 2025 Core i9-14900HX | 16GB | 1TB | RTX 5070 8GB | 16 2K+ 240Hz,Lenovo,Laptop,Gaming,Mới,12 Tháng,,16GB DDR4,512GB NVMe PCle Gen 4,RTX 4060 8G,16inch 2K+ 240Hz,54390000,58880000,no,0,https://laptoptv.vn/new-100-laptop-lenovo-legion-y7000p-2025-core-i9-14900hx-16gb-1tb-rtx-5070-8gb-16-2k-240hz
