price,name,collections,cpu_ten,cpu_tag,ram_ten,ram_tag,url
7690000,Laptop cũ Dell Latitude 7390 2in1 Core i5-8250U | 8GB | 256GB | 13.3 inch FHD,laptop-2in1,i58250u,intel Core i5-8350U,,,https://laptoptv.vn/laptop-cu-dell-latitude-7390-2in1-ca-m-u-ng-core-i5-8250u-man-hinh-13-3-inch-xoay-ga-p-360
7980000,[Like New] Dell latitude 5320 Core i5-1145G7 | 8GB | 256GB | 13.3 inch FHD,laptop-2in1,i51145g,intel Core i5-1135G7,,,https://laptoptv.vn/like-new-dell-latitude-5320-core-i5-1145g7-8gb-256gb-13-3-inch-fhd-cam-ung
8290000,Laptop cũ Dell Latitude 7390 2in1 Core i5-8250U | 16GB | 256GB | 13.3 inch Cảm ứng,laptop-2in1,i58250u,intel Core i5-8350U,,,https://laptoptv.vn/laptop-cu-dell-latitude-7390-2in1-ca-m-u-ng-core-i5-8250u-16gb-256gb-man-hinh-13-3-inch-xoay-ga-p-360
9880000,Laptop cũ HP Elitebook 1030  X360 Core i5-7200U | 16GB 256GB | 13 icnh FHD Cảm ứng,laptop-2in1,i57200u,,16GB,8GB DDR4,https://laptoptv.vn/hp-elitebook-x360-cam-ung-1030-core-i5-7200u-16gb-256gb
10680000,Laptop cũ Dell Inspiron 7415 2in1  Ryzen 5- 5625U | 8GB | 512GB | 14 inch FHD+ Cảm ứng,laptop-2in1,ryzen55625u,Ryzen 5-5500U,,,https://laptoptv.vn/dell-inspiron-7415-2in1-cam-ung-ryzen-5-5500u-8gb-256gb-xoay-ga-p-360
11650000,Laptop cũ HP Pavilion x360 Core i3-1115G4 | 8GB | 128GB | 14 inch FHD,laptop-2in1,i31115g,Intel Core i3-1135G4,,,https://laptoptv.vn/laptop-cu-2in1-hp-pavilion-x360-cam-ung-core-i3-1115g4-8gb-128gb
12590000,Laptop cũ Dell Inspiron 5410 Core i7-11370H | 16GB | 512GB | 14 inch FHD,laptop-2in1,i711370h,Intel Core i7-1195G7,,,https://laptoptv.vn/laptop-cu-dell-inspiron-5410-core-i7-11370h-16gb-512gb-14-inch-fhd
12980000,[Like New] Dell Latitude 7420 2in1 [Vỏ carbon] Core i7-1185G7 | 16GB | 512GB| 14 inch FHD,laptop-2in1,i71185g,Intel Core i7-1145G7,,,https://laptoptv.vn/laptop-cu-dell-latitude-7420-2in1-core-i7-1185g7-ram-16gb-ssd-512gb-man-14-0-inch-fhd
13990000,Laptop cũ Dell Gaming G3 3500 Core i5-10200H | 8GB | 256GB | GTX1650 | 15.6 inch FHD,laptop-gaming,i510200h,Intel Core i5-10210H,,,https://laptoptv.vn/laptop-cu-dell-gaming-g3-3500-core-i5-10200h-8gb-256gb-gtx1650-man-hinh-15-6-inch-fhd
15180000,Laptop cũ Dell Precision 7550 Core™ i7-10850H | 16GB | 512GB | T1000 | 15.6 inch FHD,deal-shock,i710850h,Intel Core i7-10750H,,,https://laptoptv.vn/laptop-cu-dell-precision-7550-core-i7-10850h-16gb-512gb-t1000-15-6-inch-fhd
15480000,[Like new] Dell Latitude 7430 2in1 Core i7-1265U | 16GB | 512GB 14 inch FHD Cảm ứng,laptop-2in1,i71265u,Intel Core i5-1355U,16GB,8GB DDR4,https://laptoptv.vn/like-new-dell-latitude-7430-2in1-core-i7-1265u-16gb-512gb-14-inch-fhd-cam-ung
15790000,Laptop cũ Dell Precision 7550 Core™ i7-10850H | 16GB | 512GB | T2000 | 15.6 inch FHD,deal-shock,i710850h,Intel Core i7-10750H,,,https://laptoptv.vn/dell-precision-7550-mobile-workstation-core-i7-10850h-ram-16gb-ssd-512gb-t1000-fhd
16890000,[New 100%] Laptop Dell Inspiron 7430 2in1 Core i5-1335U | 16GB | 256GB | 14 inch FHD Cảm ứng,laptop-2in1,i51335u,Intel Core i5-1355U,,,https://laptoptv.vn/new-100-laptop-dell-inspiron-7430-2in1-cam-ung-core-i5-1335u-8gb-512gb-xoay-ga-p-360-man-hinh-14-inch-fhd-touch-1
17680000,[New100%] Laptop Lenovo LOQ 2024 15IAX9  Core i5-12450HX | 12GB | 512GB | RTX 2050 4GB | 15.6 inch FHD 144Hz,laptop-gaming,i512450hx,Intel Core i5-13420H,12GB,8GB DDR5 5200MHz,https://laptoptv.vn/new100-laptop-lenovo-loq-2024-15iax9-core-i5-12450hx-12gb-512gb-rtx-2050-4gb-15-6-inch-fhd-144hz
17890000,[New100%] Laptop MSI Thin 15 B13UC 2081VN Core i5-13420H | 16GB | 512GB | RTX 3050 4GB | 15.6 inch FHD 144Hz | Win 11,laptop-gaming,i513420h,,16GB,8GB DDR4,https://laptoptv.vn/new100-laptop-msi-thin-15-b13uc-2081vn-core-i5-13420h-16gb-512gb-rtx-3050-4gb-15-6-inch-fhd-144hz-win-11
18460000,Laptop cũ Gaming Asus TUF F17 Core i5-11260H | 16GB | 512GB | RTX 3050TI | 17 inch FHD 144hz,laptop-gaming,i511260h,,16GB,8GB DDR4,https://laptoptv.vn/asus-tuf-f17-core-i5-11260h-8gb-512gb-rtx-3050ti
18580000,[New100%] Laptop HP ENVY 15 x360 Core i5-1235U | 16GB | 512GB | 16inch FHD Cảm ứng,laptop-2in1,i51235u,,16GB,8GB DDR4,https://laptoptv.vn/hp-envy-15-x360-cam-ung-core-i5-1235u-8gb-256gb
18880000,Laptop cũ Dell Gaming G15 5511 Core i7-11800H | 8GB | 512GB | RTX 3050TI | 15.6 inch 165Hz,laptop-gaming,i711800h,,8GB,16GB DDR4,https://laptoptv.vn/dell-gaming-g15-5511-core-i7-11800h-16gb-512gb-3060-15-6-inch-165hz
19180000,[Like New] Dell Latitude 9420 2in1 Core i7-1185G7 | 32GB | 512GB | 14 inch 2K,laptop-2in1,i71185g,,32GB,16GB DDR4,https://laptoptv.vn/like-new-dell-latitude-9420-2in1-core-i7-1185g7-32gb-512gb-14-inch-2k
20980000,Laptop cũ Dell Precision 7550 Core™ i7-10850H | 32GB | 512GB | RTX 3000| 15.6 inch FHD,deal-shock,i710850h,Intel Core i7-10750H,32GB,16GB,https://laptoptv.vn/laptop-cu-dell-precision-7550-core-i7-10850h-32gb-512gb-rtx-3000-15-6-inch-fhd
22390000,Laptop cũ Dell Gaming G15 5515 Ryzen 7-5800H | 8GB | 256GB | 3050TI | 15.6 inch FHD,laptop-gaming,ryzen75800h,Ryzen 5-5600H,,,https://laptoptv.vn/dell-gaming-g15-5515-ryzen-7-5800h-8gb-512-gb-3050ti
22580000,[New 100%] Laptop HP Victus 15-fb3093dx AMD Ryzen 7-7445HS| 16GB | 512GB | RTX 4050 6GB | 15.6 inch FHD 144Hz,laptop-gaming,ryzen77445hs,,16GB,8GB,https://laptoptv.vn/new-100-laptop-hp-victus-15-fb3093dx-amd-ryzen-7-7445hs-16gb-512gb-rtx-4050-6gb-15-6-inch-fhd-144hz
23180000,[New100%] Lenovo Ideapad Slim 5 2025 | XiaoXin Pro 16C | Ryzen 7 H 255 | 24GB | 1TB | 16inch  2.8K OLED 120Hz,laptop-gaming,,,24GB,16GB DDR4,https://laptoptv.vn/new100-lenovo-ideapad-slim-5-2025-xiaoxin-pro-16c-ryzen-7-h-255-24gb-1tb-14inch-2-8k-oled-120hz
24280000,[New100%] HP OmniBook X Flip 2in1  Ryzen AI 5 340 | 16GB | 512GB | 14 inch FHD+ Touch | Meteor Silver,deal-shock|laptop-2in1,,,16GB,8GB DDR5,https://laptoptv.vn/hp-omnibook-x-flip-2in1-ryzen-ai-5-340-16gb-512gb-14-inch-fhd-touch-meteor-silver
25390000,[New 100%] Laptop Dell Inspiron 7445 2in1 Ryzen 7  - 8840HS | 16GB | 1TB | AMD Radeon Graphics | 14 inch FHD+ Touch,deal-shock|laptop-2in1,ryzen78840hs,,16GB,8GB,https://laptoptv.vn/new-100-laptop-dell-inspiron-7445-2in1-2024-ryzen-7-8840hs-16gb-1tb-amd-radeon-graphics-14-inch-fhd-touch
26680000,[New 100%] HP Victus 16-r0360TX Core i7-13620H | 16GB | 1TB | RTX 4060 8GB | 16 inch 2K+ 240Hz,laptop-gaming,i713620h,,16GB,8GB,https://laptoptv.vn/new-100-hp-victus-16-r0360tx-core-i7-13620h-16gb-1tb-rtx-4060-8gb-16-inch-2k-240hz
31490000,[New100%] Laptop Laptop Asus ROG Strix G16 Core i5-13450HX | 16GB | 512GB | RTX 4050 | 16 inch FHD+ 165Hz,laptop-gaming,i513450hx,,16GB,8GB DDR5 4800Mhz,https://laptoptv.vn/new100-laptop-laptop-asus-rog-strix-g16-core-i5-13450hx-16gb-512gb-rtx-4050-16-inch-fhd-165hz
