"TEMPLATE POST — Laptop Thịnh Vượng · 1 khối = 1 tuần · cột A = nhãn, Thứ 2 = cột B, Chủ Nhật = cột H","","","","","","",""
"","","","","","","",""
"","Thứ 2","Thứ 3","Thứ 4","Thứ 5","Thứ 6","Thứ 7","Chủ Nhật"
"","","","","","","",""
"ĐỊNH DẠNG","","","","","","",""
"TUYẾN ND","","","","","","",""
"CONTENT","","","","","","",""
"BRIEF ẢNH","","","","","","",""
"LINK ẢNH/ KB","","","","","","",""
"FORMAT","","","","","","",""
"STATUS","","","","","","",""
"","","","","","","",""
"","Thứ 2","Thứ 3","Thứ 4","Thứ 5","Thứ 6","Thứ 7","Chủ Nhật"
"","","","","","","",""
"ĐỊNH DẠNG","","","","","","",""
"TUYẾN ND","","","","","","",""
"CONTENT","","","","","","",""
"BRIEF ẢNH","","","","","","",""
"LINK ẢNH/ KB","","","","","","",""
"FORMAT","","","","","","",""
"STATUS","","","","","","",""
"","","","","","","",""
"","Thứ 2","Thứ 3","Thứ 4","Thứ 5","Thứ 6","Thứ 7","Chủ Nhật"
"","","","","","","",""
"ĐỊNH DẠNG","","","","","","",""
"TUYẾN ND","","","","","","",""
"CONTENT","","","","","","",""
"BRIEF ẢNH","","","","","","",""
"LINK ẢNH/ KB","","","","","","",""
"FORMAT","","","","","","",""
"STATUS","","","","","","",""
"","","","","","","",""
"","Thứ 2","Thứ 3","Thứ 4","Thứ 5","Thứ 6","Thứ 7","Chủ Nhật"
"","","","","","","",""
"ĐỊNH DẠNG","","","","","","",""
"TUYẾN ND","","","","","","",""
"CONTENT","","","","","","",""
"BRIEF ẢNH","","","","","","",""
"LINK ẢNH/ KB","","","","","","",""
"FORMAT","","","","","","",""
"STATUS","","","","","","",""
"","","","","","","",""
"","Thứ 2","Thứ 3","Thứ 4","Thứ 5","Thứ 6","Thứ 7","Chủ Nhật"
"","","","","","","",""
"ĐỊNH DẠNG","","","","","","",""
"TUYẾN ND","","","","","","",""
"CONTENT","","","","","","",""
"BRIEF ẢNH","","","","","","",""
"LINK ẢNH/ KB","","","","","","",""
"FORMAT","","","","","","",""
"STATUS","","","","","","",""
"","","","","","","",""
